Workbook

Sheet README
A1: GPU Orchestration, Licensing & Virtualization Reference
A2: Companion to Intel_Xeon6_Workload_SKU_Recommendations.xlsx · Agentic Systems Capacity Planner · compiled 27 Sep 2026
A4: Sheet | B4: Contents
A5: Vendors | B5: Orchestration vendor landscape: model, GPU plumbing, AI layer
A6: Licensing | B6: Licensing metric per stack and how accelerators / slices are counted
A7: Node_Licensing | B7: Formula-driven per-node licence counts for Xeon 6 GPU hosts (edit blue cells)
A8: Concurrency | B8: Concurrency mechanisms ranked for small deep-learning models
A9: OSS_Stack | B9: Recommended open-source slicing + orchestration stack and caveats
A10: GPU_Slicing | B10: Smallest slice per GPU: MIG, MIG-backed vGPU, time-sliced vGPU (compute); computed slot counts
A11: Tech_Matrix | B11: Virtualization / sharing technology support per GPU
A12: Corrections | B12: Claims corrected during this work, with provenance change
A13: Open_Questions | B13: Unresolved [U] items to confirm with vendors
A14: Sources | B14: Primary and third-party sources used
A16: Provenance tag | B16: Meaning
... A25: Black text | B25: Formula — do not overwrite
A28: Key principles
A29: 1. The smallest slice is set by the GPU, not the orchestrator; the orchestrator only decides which slicing modes it exposes.
A30: 2. Every vendor licenses physical GPUs, not slices — partitioning a GPU does not multiply licence count.
A31: 3. MIG = smallest hardware-isolated unit; time-sliced vGPU = smallest memory-isolated unit; MPS/HAMi/in-process = smallest schedulable unit (no hard isolation).
A32: 4. For small DL models: consolidate (many models per serving process) before you partition.
A33: 5. MIG on HGX / NVL72 disables NVLink P2P on that GPU — MIG and tensor-parallel fabric use are per-GPU either/or.

Sheet GPU_Slicing
A1: Smallest Slice per GPU
A2: Source: NVIDIA AI Enterprise 8.2 vGPU reference (updated 2 Sep 2026) unless tagged otherwise. Blue/yellow = inputs.
A4: GPU | B4: Tier | C4: Memory (GB) | D4: MIG smallest profile | E4: MIG min (GB) | F4: MIG max instances | G4: MIG-backed vGPU min (GB) | H4: MIG-backed vGPU max / GPU | I4: Time-sliced vGPU (compute) min (GB) | J4: Time-sliced vGPU max / GPU (equal-size) | K4: vGPU inside MIG slice? | L4: Deployment | M4: Smallest isolated unit (GB) | N4: Max isolated slots / GPU | O4: Isolated slots / 8-GPU node | P4: Memory wasted at floor for a 1 GB model (%) | Q4: Notes | R4: Tag
A5: L4 | B5: Entry (legacy) | C5: 24 | D5: none | F5: 0 | H5: 0 | I5: 4 | J5: 6 | K5: No | L5: VM or bare metal | M5: =IFERROR(SMALL((E5~G5~I5),1),"-") -> 4 | N5: =MAX(F5,H5,J5) -> 6 | O5: =N5*8 -> 48 | P5: =IFERROR((M5-1)/M5,"-") -> 0.75 | Q5: No MIG; 4 GB × 4 in mixed-size mode | R5: [I]
A6: RTX PRO 4500 BSE | B6: Entry | C6: 32 | D6: 1g.16gb | E6: 16 | F6: 2 | G6: 8 | H6: 4 | I6: 8 | J6: 4 | K6: Yes | L6: VM or bare metal | M6: =IFERROR(SMALL((E6~G6~I6),1),"-") -> 8 | N6: =MAX(F6,H6,J6) -> 4 | O6: =N6*8 -> 32 | P6: =IFERROR((M6-1)/M6,"-") -> 0.875 | Q6: vGPU 8 GB: 4 inside a 2g slice / 2 inside a 1g slice. Graphics (vPC) profiles go to 2 GB — not for compute | R6: [I]
A7: RTX PRO 6000 BSE | B7: Mid | C7: 96 | D7: 1g.24gb | E7: 24 | F7: 4 | G7: 8 | H7: 12 | I7: 8 | J7: 12 | K7: Yes | L7: VM or bare metal | M7: =IFERROR(SMALL((E7~G7~I7),1),"-") -> 8 | N7: =MAX(F7,H7,J7) -> 12 | O7: =N7*8 -> 96 | P7: =IFERROR((M7-1)/M7,"-") -> 0.875 | Q7: DC-1-8C: 3 per 1g slice × 4 slices = 12 [D] | R7: [I]
A8: H100 PCIe 80GB | B8: Mid | C8: 80 | D8: 1g.10gb | E8: 10 | F8: 7 | G8: 10 | H8: 7 | I8: 4 | J8: 20 | K8: No | L8: VM or bare metal | M8: =IFERROR(SMALL((E8~G8~I8),1),"-") -> 4 | N8: =MAX(F8,H8,J8) -> 20 | O8: =N8*8 -> 160 | P8: =IFERROR((M8-1)/M8,"-") -> 0.75 | Q8: Mixed-size mode: 4 GB × 16 | R8: [I]
A9: H100 NVL 94GB (variant) | B9: Mid | C9: 94 | D9: 1g.12gb | E9: 12 | F9: 7 | G9: 12 | H9: 7 | I9: 4 | J9: 23 | K9: No | L9: VM or bare metal | M9: =IFERROR(SMALL((E9~G9~I9),1),"-") -> 4 | N9: =MAX(F9,H9,J9) -> 23 | O9: =N9*8 -> 184 | P9: =IFERROR((M9-1)/M9,"-") -> 0.75 | Q9: Mixed-size mode: 4 GB × 16 | R9: [I]
A10: H200 NVL | B10: Mid (HBM) | C10: 141 | D10: 1g.18gb | E10: 18 | F10: 7 | G10: 18 | H10: 7 | I10: 4 | J10: 32 | K10: No | L10: VM or bare metal | M10: =IFERROR(SMALL((E10~G10~I10),1),"-") -> 4 | N10: =MAX(F10,H10,J10) -> 32 | O10: =N10*8 -> 256 | P10: =IFERROR((M10-1)/M10,"-") -> 0.75 | Q10: Supersedes earlier 16.5 GB figure | R10: [I]
A11: HGX B200 (reference) | B11: High (prior gen) | C11: 180 | D11: 1g.23gb | E11: 22.5 | F11: 7 | G11: 22.5 | H11: 7 | I11: 180 | J11: 1 | K11: No | L11: VM or bare metal | M11: =IFERROR(SMALL((E11~G11~I11),1),"-") -> 22.5 | N11: =MAX(F11,H11,J11) -> 7 | O11: =N11*8 -> 56 | P11: =IFERROR((M11-1)/M11,"-") -> 0.95555556 | Q11: Time-sliced vGPU = full GPU only | R11: [I]
A12: HGX B300 (reference) | B12: High | C12: 279 | D12: 1g.34gb | E12: 34 | F12: 7 | G12: 34 | H12: 7 | I12: 269 | J12: 1 | K12: No | L12: VM or bare metal | M12: =IFERROR(SMALL((E12~G12~I12),1),"-") -> 34 | N12: =MAX(F12,H12,J12) -> 7 | O12: =N12*8 -> 56 | P12: =IFERROR((M12-1)/M12,"-") -> 0.97058824 | Q12: Time-sliced vGPU = full GPU only; MIG disables NVLink P2P | R12: [I]
A13: GB200 NVL72 (per GPU) | B13: High (rack) | C13: 186 | D13: ~1g.23gb | E13: 23 | F13: 7 | H13: 0 | J13: 0 | K13: No | L13: Bare metal only | M13: =IFERROR(SMALL((E13~G13~I13),1),"-") -> 23 | N13: =MAX(F13,H13,J13) -> 7 | O13: =N13*8 -> 56 | P13: =IFERROR((M13-1)/M13,"-") -> 0.95652174 | Q13: Profile extrapolated from HGX B200; verify with nvidia-smi mig -lgip | R13: [D] / [I]
A14: GB300 NVL72 (per GPU) | B14: High (rack) | C14: 279 | D14: ~1g.34gb | E14: 34 | F14: 7 | H14: 0 | J14: 0 | K14: No | L14: Bare metal only (expected) | M14: =IFERROR(SMALL((E14~G14~I14),1),"-") -> 34 | N14: =MAX(F14,H14,J14) -> 7 | O14: =N14*8 -> 56 | P14: =IFERROR((M14-1)/M14,"-") -> 0.97058824 | Q14: Profile extrapolated from HGX B300; bare-metal-only assumed from GB200 | R14: [D] / [U]
A16: Formulas: M = smallest of MIG / MIG-backed vGPU / time-sliced vGPU minimum; N = largest isolated count of the three; O = N × 8; P = share of the smallest isolated slice left idle by a 1 GB model. [D]
A17: Below these floors, only software sharing applies (MPS ≤48 clients, HAMi/KAI fractions, many models per Triton/vLLM process) — no hard memory/fault isolation.

Sheet Tech_Matrix
A1: Technology Support Matrix
A2: ✓ supported · ✗ not supported · all vGPU modes need NVAIE and a supported hypervisor (ESXi, certified KVM)
A4: Technology | B4: Isolation | C4: L4 | D4: RTX PRO 4500 | E4: RTX PRO 6000 | F4: H100 PCIe | G4: H200 NVL | H4: GB200 / GB300 NVL72 | I4: Tag
A5: PCIe passthrough (whole GPU → VM) | B5: Full | C5: ✓ | D5: ✓ | E5: ✓ | F5: ✓ | G5: ✓ | H5: ✗ (bare metal) | I5: [I] / [U]
A6: MIG (hardware partitions) | B6: Memory + fault + QoS | C6: ✗ | D6: ✓ (2) | E6: ✓ (4) | F6: ✓ (7) | G6: ✓ (7) | H6: ✓ (7); no NVLink P2P while on | I6: [I]
A7: MIG-backed vGPU | B7: Same as MIG | C7: ✗ | D7: ✓ | E7: ✓ | F7: ✓ | G7: ✓ | H7: ✗ | I7: [I]
A8: vGPU time-sliced inside a MIG slice | B8: Memory isolated; compute time-shared | C8: ✗ | D8: ✓ | E8: ✓ | F8: ✗ | G8: ✗ | H8: ✗ | I8: [I]
A9: Time-sliced vGPU for compute (C-series) | B9: Memory isolated; compute time-shared | C9: ✓ | D9: ✓ | E9: ✓ | F9: ✓ | G9: ✓ | H9: ✗ | I9: [I]
A10: Graphics vGPU (vPC / vWS) | B10: Memory isolated | C10: ✓ | D10: ✓ | E10: ✓ | F10: ✗ | G10: ✗ | H10: ✗ | I10: [D]
A11: Kubernetes time-slicing (GPU Operator) | B11: None | C11: ✓ | D11: ✓ | E11: ✓ | F11: ✓ | G11: ✓ | H11: ✓ | I11: [I]
A12: MPS (≤48 clients; not on MIG in GPU Operator) | B12: Process-level | C12: ✓ | D12: ✓ | E12: ✓ | F12: ✓ | G12: ✓ | H12: ✓ | I12: [I]
A13: HAMi / KAI fractional (soft memory cap) | B13: Soft | C13: ✓ | D13: ✓ | E13: ✓ | F13: ✓ | G13: ✓ | H13: ✓ ([U] on Grace/ARM) | I13: [I] / [U]
A14: Many models per serving process (Triton/vLLM) | B14: None | C14: ✓ | D14: ✓ | E14: ✓ | F14: ✓ | G14: ✓ | H14: ✓ | I14: [D]

Sheet Concurrency
A1: Concurrency Options for Small DL Models
A2: Ranked best-first for maximum concurrency of small models
A4: Rank | B4: Mechanism | C4: How work runs | D4: Isolation | E4: Concurrency ceiling | F4: When to use | G4: Tag
A5: 1 | B5: One serving process per GPU, many models / instances (Triton instance groups + dynamic batching, vLLM) | C5: Parallel on SMs; requests batched | D5: None between models | E5: Bounded by memory + batching; highest throughput | F5: Single owner / single service | G5: [D]
A6: 2 | B6: MPS | C6: Kernels from several processes run concurrently | D6: Process-level; a fatal fault can hit all clients | E6: Max 48 replicas/GPU (GPU Operator) | F6: Separate containers must own processes; no MIG | G6: [I]
A7: 3 | B7: Time-slicing (GPU Operator) | C7: Pods take turns on whole GPU | D7: No memory or fault isolation | E7: Replica count via ConfigMap; latency grows per tenant | F7: Bursty, latency-tolerant; can run inside a MIG slice | G7: [I]
A8: 4 | B8: Time-sliced vGPU (VMs) | C8: VMs take turns; framebuffer partitioned | D8: Memory isolated | E8: 4–8 GB floors; up to 32/GPU (H200 NVL) | F8: VM-based multi-tenancy | G8: [I]
A9: 5 | B9: MIG (+ time-slicing inside) | C9: Hard spatial partitions | D9: Full | E9: 2 / 4 / 7 per GPU | F9: Untrusted multi-tenant; guardrail isolation | G9: [I]
A10: — | B10: CPU inference on Xeon 6 with AMX | C10: CPU cores | D10: OS-level | E10: Scales with cores | F10: ResNet/BERT-class models; avoids GPU licensing — benchmark first | G10: [D]

Sheet OSS_Stack
A1: Open-Source Slicing + Orchestration Stack
A2: Best free combination; together covers most of what Run:ai sells
A4: Layer | B4: Pick | C4: What it gives you | D4: Caveat | E4: Tag
A5: Kubernetes | B5: Upstream K8s, RKE2, or OKD | C5: Free; no vendor support | D5: Carry support in-house | E5: [3P]
A6: GPU plumbing | B6: NVIDIA GPU Operator | C6: Drivers, device plugin, MIG manager, time-slicing, MPS | D6: Disable its device plugin when using HAMi | E6: [I]
A7: Scheduler | B7: KAI Scheduler (Apache 2.0) | C7: Gang scheduling, fractional GPU via annotations, defragmentation | D7: Fractions not memory-enforced on their own | E7: [3P]
A8: Enforced soft slicing | B8: HAMi (CNCF sandbox, Apache 2.0) | C8: Memory / core-share limits via CUDA interception; dynamic MIG; no app changes | D8: Bypassed by Docker-in-Docker or direct driver-API calls; not a security boundary | E8: [I]
A9: Glue | B9: KAI v0.16 hamicore binder plugin | C9: Writes HAMi-core memory limits for KAI fractional pods | D9: Opt-in | E9: [I]
A10: Serving | B10: Triton / vLLM | C10: Many models per process — the main concurrency lever | E10: [D]
A11: HPC alternative | B11: Slurm | C11: Native MIG + MPS scheduling | D11: Now NVIDIA-owned (SchedMD) | E11: [3P]

Sheet Vendors
A1: Orchestration Vendor Landscape
A2: GPU/CPU orchestration platforms for on-prem enterprise AI
A4: Vendor / stack | B4: Deployment model | C4: How GPUs are orchestrated | D4: AI layer on top | E4: Notes | F4: Tag
A5: Red Hat OpenShift | B5: Bare-metal Kubernetes; VMs via OpenShift Virtualization | C5: NVIDIA GPU Operator (driver, device plugin, MIG manager, time-slicing, MPS) | D5: OpenShift AI; Red Hat AI Enterprise; Red Hat AI Inference (vLLM, llm-d) | E5: OKD is the free upstream | F5: [I]
A6: Broadcom VMware VCF | B6: Hypervisor-first; Kubernetes via VKS | C6: vGPU host driver in ESXi; GPU-ready VKS clusters with GPU Operator + DCGM; VKS runtime ships with VCF, no extra licensing | D6: Private AI Foundation with NVIDIA / VCF Private AI Services | E6: Per-core licensing penalises high-core Xeon 6 hosts | F6: [I]
A7: SUSE | B7: Rancher Prime + RKE2 / K3s | C7: GPU Operator; Rancher Prime manages any CNCF-certified distro (EKS, AKS, GKE, RKE2, K3s) | D7: SUSE AI | E7: SUSE AI licence metric unpublished | F7: [I]
A8: Canonical | B8: Charmed / Canonical Kubernetes on Ubuntu | C8: GPU Operator; Charmed Kubernetes supported on NVAIE incl. vGPU heterogeneous profiles | D8: Charmed Kubeflow, MLflow | E8: Kubeflow has no licence fees | F8: [I]
A9: Nutanix | B9: HCI (AHV) + NKP; NKP Metal for bare metal | C9: NKP ships GPU Operator as platform component; serves Kubernetes DRA APIs | D9: Nutanix Enterprise AI (NAI) | E9: Acquired Ryax for GPU workload orchestration | F9: [I] / [3P]
A10: NVIDIA Run:ai | B10: Scheduler overlay on any of the above | C10: Fractional GPUs, department quotas, over-quota borrowing, fair-share, preemption | D10: n/a — scheduler | E10: Self-hosted included in NVAIE; core open-sourced as KAI Scheduler (Apache 2.0, Apr 2025) | F10: [I] / [3P]
A11: Slurm (SchedMD) | B11: HPC batch scheduler | C11: Native MIG and MPS gres scheduling | D11: n/a | E11: NVIDIA now owns SchedMD | F11: [3P]

Sheet Licensing
A1: Licensing Schemes
A2: Licensing stacks in three layers: platform (OS/K8s/hypervisor) + NVIDIA software + AI add-on
A4: Stack | B4: Layer | C4: Metric | D4: GPU / slice treatment | E4: Price indicator | F4: Notes | G4: Tag
A5: Red Hat AI Enterprise | B5: AI platform | C5: Flat rate per node; unlimited GPUs, no core/socket limits; node restricted to AI use | D5: Unlimited, included | E5: — | F5: NVL72: one 1-node sub per CPU tray (18 per rack) | G5: [I]
A6: Red Hat OpenShift AI | B6: AI add-on | C6: Mirrors OpenShift units (core-pairs or bare-metal nodes) + AI Accelerator SKU per physical GPU | D6: 1 SKU per physical GPU; vGPU slices of one GPU = 1 subscription | E6: — | G6: [I]
A7: Red Hat AI Inference / RHEL AI | B7: AI runtime | C7: Per physical accelerator; CPU cores irrelevant | D7: Per GPU | E7: — | G7: [I]
A8: Red Hat OpenShift (base) | B8: Platform | C8: Core-pair (2 cores / 4 vCPU) or bare-metal socket-pair | D8: n/a | E8: — | F8: Bare-metal SKU seen as 1–2 sockets up to 64 cores; stacking beyond 64 cores unconfirmed | G8: [I] / [U]
A9: Broadcom VCF | B9: Platform | C9: Per physical core; 16-core minimum per CPU socket | D9: Private AI Foundation add-on + NVIDIA vGPU licence; NVAIE bought separately | E9: $344.40 / core / yr (one partner quote, 96 cores, 1-yr) | F9: 72-core per-order minimum contested (may apply to Tanzu Data SKUs only) | G9: [I] / [3P]
A10: SUSE Rancher Prime | B10: Platform | C10: Per node per year | D10: n/a | E10: — | F10: SUSE AI subscription supersedes Prime entitlements | G10: [3P] / [I]
A11: SUSE AI | B11: AI platform | C11: Not published | D11: Not published | E11: — | F11: Confirm with SUSE | G11: [U]
A12: Canonical Ubuntu Pro + Support | B12: Platform | C12: Per node (24/7 or weekday) | D12: n/a | E12: — | F12: Covers Charmed Kubeflow and MLflow; Kubeflow itself has no licence fees | G12: [I]
A13: Nutanix NKP | B13: Platform | C13: Per physical core (bare metal) or vCPU (VMs); control-plane nodes free | D13: n/a | E13: — | G13: [I]
A14: Nutanix Enterprise AI (NAI) | B14: AI platform | C14: Aggregate GPU RAM across cluster, 1 GB increments | D14: Scales with GPU memory; slicing-neutral | E14: — | F14: Only scheme proportional to GPU capacity | G14: [I]
A15: NVIDIA AI Enterprise | B15: NVIDIA software | C15: Per physical GPU installed; multi-GPU boards need one per GPU | D15: Per GPU | E15: $4,500/GPU/1-yr; $18,000/5-yr; $22,500 perpetual + 5-yr support | F15: Bundled 5-yr with H200 NVL; discounted with RTX PRO 4500/6000 (Lenovo); required for all vGPU modes | G15: [I]
A16: NVIDIA Run:ai | B16: Scheduler | C16: Self-hosted included in NVAIE | D16: Included | E16: — | F16: SaaS inclusion: NVIDIA docs conflict (8.1 notes vs sizing overview) | G16: [I] / [U]
A17: NVIDIA datacenter driver (bare metal) | B17: Driver | C17: Free | D17: Free | E17: $0 | F17: Enterprise support requires NVAIE | G17: [3P]

Sheet Node_Licensing
A1: Per-Node Licence Counts — Xeon 6 GPU Hosts
A2: Blue/yellow = inputs. GPU memory is looked up from GPU_Slicing. All outputs [D]; price inputs tagged.
A4: Assumptions
A5: NVAIE $/GPU/yr | B5: 4500 | C5: [I] NVIDIA list
A6: VCF $/core/yr | B6: 344.4 | C6: [3P] one 2026 partner quote
A7: VCF min cores / socket | B7: 16 | C7: [I] Broadcom
A8: OpenShift cores per core-pair | B8: 2 | C8: [I] Red Hat
A11: Config | B11: CPU SKU | C11: Cores / socket | D11: Sockets | E11: GPU | F11: GPUs / node | G11: Total cores | H11: VCF core licences | I11: VCF $/yr | J11: OpenShift core-pairs | K11: Red Hat AI Enterprise subs | L11: OpenShift AI accel. SKUs | M11: NVAIE licences | N11: NVAIE $/yr | O11: GPU GB / GPU | P11: Nutanix NAI GB entitlement
A12: A | B12: 6747P | C12: 48 | D12: 2 | E12: RTX PRO 4500 BSE | F12: 8 | G12: =C12*D12 -> 96 | H12: =D12*MAX(C12,$B$7) -> 96 | I12: =H12*$B$6 -> 33062.4 | J12: =G12/$B$8 -> 48 | K12: =1 -> 1 | L12: =F12 -> 8 | M12: =F12 -> 8 | N12: =M12*$B$5 -> 36000 | O12: =INDEX(GPU_Slicing!$C$5:$C$14,MATCH(E12,GPU_Slicing!$A$5:$A$14,0)) -> 32 | P12: =F12*O12 -> 256
A13: B | B13: 6767P | C13: 64 | D13: 2 | E13: RTX PRO 6000 BSE | F13: 8 | G13: =C13*D13 -> 128 | H13: =D13*MAX(C13,$B$7) -> 128 | I13: =H13*$B$6 -> 44083.2 | J13: =G13/$B$8 -> 64 | K13: =1 -> 1 | L13: =F13 -> 8 | M13: =F13 -> 8 | N13: =M13*$B$5 -> 36000 | O13: =INDEX(GPU_Slicing!$C$5:$C$14,MATCH(E13,GPU_Slicing!$A$5:$A$14,0)) -> 96 | P13: =F13*O13 -> 768
A14: C | B14: 6776P | C14: 64 | D14: 2 | E14: H200 NVL | F14: 8 | G14: =C14*D14 -> 128 | H14: =D14*MAX(C14,$B$7) -> 128 | I14: =H14*$B$6 -> 44083.2 | J14: =G14/$B$8 -> 64 | K14: =1 -> 1 | L14: =F14 -> 8 | M14: =F14 -> 8 | N14: =M14*$B$5 -> 36000 | O14: =INDEX(GPU_Slicing!$C$5:$C$14,MATCH(E14,GPU_Slicing!$A$5:$A$14,0)) -> 141 | P14: =F14*O14 -> 1128
A15: D | B15: 6960P | C15: 72 | D15: 2 | E15: HGX B300 (reference) | F15: 8 | G15: =C15*D15 -> 144 | H15: =D15*MAX(C15,$B$7) -> 144 | I15: =H15*$B$6 -> 49593.6 | J15: =G15/$B$8 -> 72 | K15: =1 -> 1 | L15: =F15 -> 8 | M15: =F15 -> 8 | N15: =M15*$B$5 -> 36000 | O15: =INDEX(GPU_Slicing!$C$5:$C$14,MATCH(E15,GPU_Slicing!$A$5:$A$14,0)) -> 279 | P15: =F15*O15 -> 2232
A16: E | B16: 6962P | C16: 72 | D16: 2 | E16: RTX PRO 6000 BSE | F16: 8 | G16: =C16*D16 -> 144 | H16: =D16*MAX(C16,$B$7) -> 144 | I16: =H16*$B$6 -> 49593.6 | J16: =G16/$B$8 -> 72 | K16: =1 -> 1 | L16: =F16 -> 8 | M16: =F16 -> 8 | N16: =M16*$B$5 -> 36000 | O16: =INDEX(GPU_Slicing!$C$5:$C$14,MATCH(E16,GPU_Slicing!$A$5:$A$14,0)) -> 96 | P16: =F16*O16 -> 768
A18: Notes: OpenShift bare-metal socket-pair stacking above 64 cores is [U]. Red Hat AI Enterprise = 1 per node regardless of cores/GPUs [I]. H200 NVL includes 5-yr NVAIE — NVAIE $ overstates cost for that config [I]. CPU SKUs from Xeon 6 SKU workbook GPU-host rows.

Sheet Corrections
A1: Corrections Log
A2: Claims corrected during this work
A4: # | B4: Earlier claim | C4: Corrected value | D4: Evidence | E4: Provenance change
A5: 1 | B5: H200 NVL smallest MIG = 16.5 GB | C5: MIG 1g.18gb × 7 | D5: NVIDIA NVAIE 8.2 H200 vGPU reference | E5: [I] reseller datasheet → [I] NVIDIA docs
A6: 2 | B6: RTX PRO 4500 / 6000 smallest vGPU = 2 GB; L4 = 1 GB | C6: Those are graphics (vPC) profiles; compute floor = 8 GB (RTX PRO) / 4 GB × 6 (L4) | D6: NVIDIA NVAIE 8.2 Blackwell and Ada vGPU references | E6: Scope correction
A7: 3 | B7: B300 smallest MIG: 1g.34gb vs 1g.35gb conflict | C7: HGX B300 (279 GB) = 1g.34gb × 7; 1g.35gb is DGX Station (278 GB) variant | D7: NVIDIA NVAIE 8.2 Blackwell reference; DGX Station MIG playbook | E7: [3P] → [I]
A8: 4 | B8: HGX B200/B300 fractional vGPU assumed | C8: Time-sliced vGPU exists only as full-GPU profile; slicing in VMs is MIG-backed only | D8: NVIDIA NVAIE 8.2 Blackwell reference | E8: New finding [I]

Sheet Open_Questions
A1: Open Questions Register
A2: Items to confirm before planner ingestion
A4: # | B4: Question | C4: Why it matters | D4: Ask | E4: Tag
A5: 1 | B5: GB200 / GB300 NVL72 exact MIG profile names and sizes | C5: Planner currently uses extrapolated 23 / 34 GB | D5: Run nvidia-smi mig -lgip on a tray | E5: [D]
A6: 2 | B6: GB300 NVL72 vGPU support (bare-metal only?) | C6: Determines whether VM multi-tenancy is possible | D6: NVIDIA NVAIE support matrix | E6: [U]
A7: 3 | B7: OpenShift bare-metal socket-pair stacking above 64 cores | C7: Dual 6776P / 6962P hosts exceed 64 cores | D7: Red Hat account team | E7: [U]
A8: 4 | B8: Run:ai SaaS inclusion in NVAIE | C8: NVIDIA docs conflict | D8: NVIDIA quote | E8: [U]
A9: 5 | B9: SUSE AI licence metric | C9: Unpublished | D9: SUSE sales | E9: [U]
A10: 6 | B10: VCF 72-core per-order minimum scope | C10: Contested — may apply only to Tanzu Data SKUs | D10: Broadcom partner | E10: [3P]
A11: 7 | B11: MPS on OpenShift (one-process-per-GPU bug) | C11: Undated report; may be fixed | D11: Test on target OpenShift version | E11: [U]
A12: 8 | B12: HAMi on Grace (ARM) hosts | C12: Needed for NVL72 soft slicing | D12: HAMi project / test | E12: [U]

Sheet Sources
A1: Sources
A2: Retrieved Sep 2026
A4: Source | B4: Used for | C4: URL | D4: Tag
A5: NVIDIA AI Enterprise 8.2 — Blackwell vGPU types | B5: RTX PRO 4500/6000, HGX B200/B300 MIG + vGPU | C5: https://docs.nvidia.com/ai-enterprise/release-8/latest/infra-software/vgpu/reference/blackwell.html | D5: [I]
A6: NVIDIA AI Enterprise 8.2 — Hopper H200 vGPU types | B6: H200 NVL MIG + vGPU | C6: https://docs.nvidia.com/ai-enterprise/release-8/latest/infra-software/vgpu/reference/hopper-h200.html | D6: [I]
A7: NVIDIA AI Enterprise 8.2 — Hopper H100 vGPU types | B7: H100 PCIe / NVL MIG + vGPU | C7: https://docs.nvidia.com/ai-enterprise/release-8/latest/infra-software/vgpu/reference/hopper-h100.html | D7: [I]
A8: NVIDIA AI Enterprise 8.2 — Ada Lovelace vGPU types | B8: L4 vGPU | C8: https://docs.nvidia.com/ai-enterprise/release-8/latest/infra-software/vgpu/reference/ada-lovelace.html | D8: [I]
A9: NVIDIA AI Enterprise 7.0 support matrix | B9: GB200 bare-metal only | C9: https://docs.nvidia.com/ai-enterprise/release-7/7.0/support/support-matrix.html | D9: [I]
A10: NVIDIA DGX Station MIG playbook | B10: B300 1g.35gb variant naming | C10: https://build.nvidia.com/station/mig/instructions | D10: [I]
A11: Exoscale MIG profile schema | B11: B300 / RTX PRO 6000 profile lists | C11: https://community.exoscale.com/reference/api/_schemas/nvidia-mig-profiles/ | D11: [3P]
A12: NVIDIA GPU Operator — MIG | B12: MIG manager, profiles in Kubernetes | C12: https://docs.nvidia.com/datacenter/cloud-native/gpu-operator/latest/gpu-operator-mig.html | D12: [I]
A13: Red Hat AI subscription guide | B13: Red Hat AI Enterprise / OpenShift AI / AI Inference metrics | C13: https://www.redhat.com/en/resources/ai-subscription-guide-detail | D13: [I]
A14: NVIDIA H200 product page | B14: H200 NVL bundled 5-yr NVAIE | C14: https://www.nvidia.com/en-us/data-center/h200/ | D14: [I]
A15: Broadcom VCF / Private AI Foundation docs | B15: VCF licensing, VKS, PAIF add-on | C15: (see earlier chat citations) | D15: [I]
... A19: NAND Research; partner quotes; HPE community | B19: SchedMD ownership, VCF price, driver licensing | C19: (see earlier chat citations) | D19: [3P]
