Workbook

Sheet KV & VRAM Sizing
A1: Intel AI Model Catalog - KV-Cache & VRAM Sizing
A2: KV cache computed with the vLLM load-time formula. Edit the YELLOW global levers; the whole table reflows. Architecture cells are also editable (verify the yellow-flagged ones).
A4: GLOBAL LEVERS
A5: Concurrency (parallel sequences) | C5: 16 | D5: peak
A6: Input tokens / request | C6: 4096 | D6: prefill
A7: Output tokens / request | C7: 1024 | D7: decode
A8: Text sequence length | C8: =C6+C7 -> 5120 | D8: input + output
A9: KV bytes / element | C9: 2 | D9: FP16/BF16=2, FP8=1, INT4=0.5
A10: Paging / fragmentation overhead | C10: 0.1 | D10: vLLM block waste
A11: Image note: 256x256 contributes per-model image tokens (col K) to the cached sequence for VLMs that fold vision tokens into the text stream. Llama-Vision uses cross-attention (fixed, separate) so its img tokens = 0 here.
A13: Model | B13: Category | C13: KV cache type | D13: Total layers | E13: Dense / self-attn layers | F13: Window layers | G13: Window size | H13: KV heads | I13: Head dim | J13: Image tokens | K13: Weight VRAM (GiB) | L13: KV bytes/tok/layer | M13: Cached token-layers/seq | N13: KV / seq (MiB) | O13: KV TOTAL @ concurrency (GiB) | P13: TOTAL VRAM (GiB) | Q13: KV formula (instantiated) | R13: Prov | S13: Notes | U13: Smallest single card that fits
A14: dots.mocr | B14: OCR & Document | C14: Decoder | D14: 36 | E14: 36 | F14: 0 | G14: 0 | H14: 8 | I14: 128 | J14: 256 | K14: 7 | L14: =IF(C14="None",0,2*H14*I14*$C$9) -> 4096 | M14: =IF(C14="None",0,IF(C14="Enc-Dec",E14*($C$7+J14),E14*($C$8+J14)+F14*MIN($C$8+J14,G14))) -> 193536 | N14: =L14*M14/1048576 -> 756 | O14: =L14*M14*$C$5*(1+$C$10)/1073741824 -> 12.99375 | P14: =K14+O14 -> 19.99375 | Q14: =IF(C14="None","no KV cache (single-pass encoder)",IF(C14="Enc-Dec","2 x "&E14&" dec-L x "&H14&" kv x "&I14&" hd x "&$C$9&"B x ("&$C$7&"+"&J14&"img) out-tok x "&$C$5&" seq","2 x ("&E14&"+"&F14&"w) L x "&H14&" kv x "&I14&" hd x "&$C$9&"B x ("&$C$8&"+"&J14&"img) tok x "&$C$5&" seq")) -> 2 x (36+0w) L x 8 kv x 128 hd x 2B x (5120+256img) tok x 16 seq | R14: Y | S14: VLM; Qwen3-VL-4B backbone (arch inferred from base) | U14: =IF(P14>Cards!$D$9,"multi-GPU / shard",IF(P14<=Cards!$D$3,Cards!$A$3,INDEX(Cards!$A$3:$A$9,MATCH(P14,Cards!$D$3:$D$9,1)+1))) -> Intel Arc Pro B60 24GB
A15: GLM-OCR | B15: OCR & Document | C15: Enc-Dec | D15: 0 | E15: 24 | F15: 0 | G15: 0 | H15: 8 | I15: 128 | J15: 0 | K15: 1.8 | L15: =IF(C15="None",0,2*H15*I15*$C$9) -> 4096 | M15: =IF(C15="None",0,IF(C15="Enc-Dec",E15*($C$7+J15),E15*($C$8+J15)+F15*MIN($C$8+J15,G15))) -> 24576 | N15: =L15*M15/1048576 -> 96 | O15: =L15*M15*$C$5*(1+$C$10)/1073741824 -> 1.65 | P15: =K15+O15 -> 3.45 | Q15: =IF(C15="None","no KV cache (single-pass encoder)",IF(C15="Enc-Dec","2 x "&E15&" dec-L x "&H15&" kv x "&I15&" hd x "&$C$9&"B x ("&$C$7&"+"&J15&"img) out-tok x "&$C$5&" seq","2 x ("&E15&"+"&F15&"w) L x "&H15&" kv x "&I15&" hd x "&$C$9&"B x ("&$C$8&"+"&J15&"img) tok x "&$C$5&" seq")) -> 2 x 24 dec-L x 8 kv x 128 hd x 2B x (1024+0img) out-tok x 16 seq | R15: Y | S15: Encoder-decoder; decoder-side KV only, output-length. Layers est. | U15: =IF(P15>Cards!$D$9,"multi-GPU / shard",IF(P15<=Cards!$D$3,Cards!$A$3,INDEX(Cards!$A$3:$A$9,MATCH(P15,Cards!$D$3:$D$9,1)+1))) -> Intel Arc Pro B60 24GB
A16: LightOnOCR-2-1B | B16: OCR & Document | C16: Decoder | D16: 24 | E16: 24 | F16: 0 | G16: 0 | H16: 8 | I16: 128 | J16: 256 | K16: 2 | L16: =IF(C16="None",0,2*H16*I16*$C$9) -> 4096 | M16: =IF(C16="None",0,IF(C16="Enc-Dec",E16*($C$7+J16),E16*($C$8+J16)+F16*MIN($C$8+J16,G16))) -> 129024 | N16: =L16*M16/1048576 -> 504 | O16: =L16*M16*$C$5*(1+$C$10)/1073741824 -> 8.6625 | P16: =K16+O16 -> 10.6625 | Q16: =IF(C16="None","no KV cache (single-pass encoder)",IF(C16="Enc-Dec","2 x "&E16&" dec-L x "&H16&" kv x "&I16&" hd x "&$C$9&"B x ("&$C$7&"+"&J16&"img) out-tok x "&$C$5&" seq","2 x ("&E16&"+"&F16&"w) L x "&H16&" kv x "&I16&" hd x "&$C$9&"B x ("&$C$8&"+"&J16&"img) tok x "&$C$5&" seq")) -> 2 x (24+0w) L x 8 kv x 128 hd x 2B x (5120+256img) tok x 16 seq | R16: Y | S16: Mistral-based VLM decoder; layer/head est. | U16: =IF(P16>Cards!$D$9,"multi-GPU / shard",IF(P16<=Cards!$D$3,Cards!$A$3,INDEX(Cards!$A$3:$A$9,MATCH(P16,Cards!$D$3:$D$9,1)+1))) -> Intel Arc Pro B60 24GB
A17: InternVL3-8B | B17: Vision & Multimodal | C17: Decoder | D17: 28 | E17: 28 | F17: 0 | G17: 0 | H17: 4 | I17: 128 | J17: 256 | K17: 16 | L17: =IF(C17="None",0,2*H17*I17*$C$9) -> 2048 | M17: =IF(C17="None",0,IF(C17="Enc-Dec",E17*($C$7+J17),E17*($C$8+J17)+F17*MIN($C$8+J17,G17))) -> 150528 | N17: =L17*M17/1048576 -> 294 | O17: =L17*M17*$C$5*(1+$C$10)/1073741824 -> 5.053125 | P17: =K17+O17 -> 21.053125 | Q17: =IF(C17="None","no KV cache (single-pass encoder)",IF(C17="Enc-Dec","2 x "&E17&" dec-L x "&H17&" kv x "&I17&" hd x "&$C$9&"B x ("&$C$7&"+"&J17&"img) out-tok x "&$C$5&" seq","2 x ("&E17&"+"&F17&"w) L x "&H17&" kv x "&I17&" hd x "&$C$9&"B x ("&$C$8&"+"&J17&"img) tok x "&$C$5&" seq")) -> 2 x (28+0w) L x 4 kv x 128 hd x 2B x (5120+256img) tok x 16 seq | R17: G | S17: LLM = Qwen2.5-7B (28L, 4KV, hd128). +256 image tokens/tile | U17: =IF(P17>Cards!$D$9,"multi-GPU / shard",IF(P17<=Cards!$D$3,Cards!$A$3,INDEX(Cards!$A$3:$A$9,MATCH(P17,Cards!$D$3:$D$9,1)+1))) -> Intel Arc Pro B60 24GB
A18: Llama-3.2-11B-Vision-Instruct | B18: Vision & Multimodal | C18: Decoder | D18: 40 | E18: 40 | F18: 0 | G18: 0 | H18: 8 | I18: 128 | J18: 0 | K18: 22 | L18: =IF(C18="None",0,2*H18*I18*$C$9) -> 4096 | M18: =IF(C18="None",0,IF(C18="Enc-Dec",E18*($C$7+J18),E18*($C$8+J18)+F18*MIN($C$8+J18,G18))) -> 204800 | N18: =L18*M18/1048576 -> 800 | O18: =L18*M18*$C$5*(1+$C$10)/1073741824 -> 13.75 | P18: =K18+O18 -> 35.75 | Q18: =IF(C18="None","no KV cache (single-pass encoder)",IF(C18="Enc-Dec","2 x "&E18&" dec-L x "&H18&" kv x "&I18&" hd x "&$C$9&"B x ("&$C$7&"+"&J18&"img) out-tok x "&$C$5&" seq","2 x ("&E18&"+"&F18&"w) L x "&H18&" kv x "&I18&" hd x "&$C$9&"B x ("&$C$8&"+"&J18&"img) tok x "&$C$5&" seq")) -> 2 x (40+0w) L x 8 kv x 128 hd x 2B x (5120+0img) tok x 16 seq | R18: Y | S18: Cross-attn vision: image KV is separate & fixed, NOT in text self-attn cache. img_tok=0 here | U18: =IF(P18>Cards!$D$9,"multi-GPU / shard",IF(P18<=Cards!$D$3,Cards!$A$3,INDEX(Cards!$A$3:$A$9,MATCH(P18,Cards!$D$3:$D$9,1)+1))) -> NVIDIA L40S 48GB
A19: Qwen3-VL-4B-Instruct | B19: Vision & Multimodal | C19: Decoder | D19: 36 | E19: 36 | F19: 0 | G19: 0 | H19: 8 | I19: 128 | J19: 256 | K19: 8 | L19: =IF(C19="None",0,2*H19*I19*$C$9) -> 4096 | M19: =IF(C19="None",0,IF(C19="Enc-Dec",E19*($C$7+J19),E19*($C$8+J19)+F19*MIN($C$8+J19,G19))) -> 193536 | N19: =L19*M19/1048576 -> 756 | O19: =L19*M19*$C$5*(1+$C$10)/1073741824 -> 12.99375 | P19: =K19+O19 -> 20.99375 | Q19: =IF(C19="None","no KV cache (single-pass encoder)",IF(C19="Enc-Dec","2 x "&E19&" dec-L x "&H19&" kv x "&I19&" hd x "&$C$9&"B x ("&$C$7&"+"&J19&"img) out-tok x "&$C$5&" seq","2 x ("&E19&"+"&F19&"w) L x "&H19&" kv x "&I19&" hd x "&$C$9&"B x ("&$C$8&"+"&J19&"img) tok x "&$C$5&" seq")) -> 2 x (36+0w) L x 8 kv x 128 hd x 2B x (5120+256img) tok x 16 seq | R19: G | S19: Backbone Qwen3-4B (36L, 8KV, hd128) | U19: =IF(P19>Cards!$D$9,"multi-GPU / shard",IF(P19<=Cards!$D$3,Cards!$A$3,INDEX(Cards!$A$3:$A$9,MATCH(P19,Cards!$D$3:$D$9,1)+1))) -> Intel Arc Pro B60 24GB
A20: Cohere Transcribe 03-2026 | B20: Speech & Audio | C20: Enc-Dec | D20: 0 | E20: 12 | F20: 0 | G20: 0 | H20: 8 | I20: 64 | J20: 0 | K20: 4 | L20: =IF(C20="None",0,2*H20*I20*$C$9) -> 2048 | M20: =IF(C20="None",0,IF(C20="Enc-Dec",E20*($C$7+J20),E20*($C$8+J20)+F20*MIN($C$8+J20,G20))) -> 12288 | N20: =L20*M20/1048576 -> 24 | O20: =L20*M20*$C$5*(1+$C$10)/1073741824 -> 0.4125 | P20: =K20+O20 -> 4.4125 | Q20: =IF(C20="None","no KV cache (single-pass encoder)",IF(C20="Enc-Dec","2 x "&E20&" dec-L x "&H20&" kv x "&I20&" hd x "&$C$9&"B x ("&$C$7&"+"&J20&"img) out-tok x "&$C$5&" seq","2 x ("&E20&"+"&F20&"w) L x "&H20&" kv x "&I20&" hd x "&$C$9&"B x ("&$C$8&"+"&J20&"img) tok x "&$C$5&" seq")) -> 2 x 12 dec-L x 8 kv x 64 hd x 2B x (1024+0img) out-tok x 16 seq | R20: Y | S20: 2026-dated ASR; architecture unverified. Enc-dec, small decoder KV | U20: =IF(P20>Cards!$D$9,"multi-GPU / shard",IF(P20<=Cards!$D$3,Cards!$A$3,INDEX(Cards!$A$3:$A$9,MATCH(P20,Cards!$D$3:$D$9,1)+1))) -> Intel Arc Pro B60 24GB
A21: Distil-Whisper large-v3 | B21: Speech & Audio | C21: Enc-Dec | D21: 0 | E21: 2 | F21: 0 | G21: 0 | H21: 20 | I21: 64 | J21: 0 | K21: 1.5 | L21: =IF(C21="None",0,2*H21*I21*$C$9) -> 5120 | M21: =IF(C21="None",0,IF(C21="Enc-Dec",E21*($C$7+J21),E21*($C$8+J21)+F21*MIN($C$8+J21,G21))) -> 2048 | N21: =L21*M21/1048576 -> 10 | O21: =L21*M21*$C$5*(1+$C$10)/1073741824 -> 0.171875 | P21: =K21+O21 -> 1.671875 | Q21: =IF(C21="None","no KV cache (single-pass encoder)",IF(C21="Enc-Dec","2 x "&E21&" dec-L x "&H21&" kv x "&I21&" hd x "&$C$9&"B x ("&$C$7&"+"&J21&"img) out-tok x "&$C$5&" seq","2 x ("&E21&"+"&F21&"w) L x "&H21&" kv x "&I21&" hd x "&$C$9&"B x ("&$C$8&"+"&J21&"img) tok x "&$C$5&" seq")) -> 2 x 2 dec-L x 20 kv x 64 hd x 2B x (1024+0img) out-tok x 16 seq | R21: G | S21: Distilled: only 2 decoder layers. Decoder KV tiny; encoder is single-pass | U21: =IF(P21>Cards!$D$9,"multi-GPU / shard",IF(P21<=Cards!$D$3,Cards!$A$3,INDEX(Cards!$A$3:$A$9,MATCH(P21,Cards!$D$3:$D$9,1)+1))) -> Intel Arc Pro B60 24GB
A22: IndicConformer-600M-Multilingual | B22: Speech & Audio | C22: None | D22: 0 | E22: 0 | F22: 0 | G22: 0 | H22: 0 | I22: 0 | J22: 0 | K22: 2.4 | L22: =IF(C22="None",0,2*H22*I22*$C$9) -> 0 | M22: =IF(C22="None",0,IF(C22="Enc-Dec",E22*($C$7+J22),E22*($C$8+J22)+F22*MIN($C$8+J22,G22))) -> 0 | N22: =L22*M22/1048576 -> 0 | O22: =L22*M22*$C$5*(1+$C$10)/1073741824 -> 0 | P22: =K22+O22 -> 2.4 | Q22: =IF(C22="None","no KV cache (single-pass encoder)",IF(C22="Enc-Dec","2 x "&E22&" dec-L x "&H22&" kv x "&I22&" hd x "&$C$9&"B x ("&$C$7&"+"&J22&"img) out-tok x "&$C$5&" seq","2 x ("&E22&"+"&F22&"w) L x "&H22&" kv x "&I22&" hd x "&$C$9&"B x ("&$C$8&"+"&J22&"img) tok x "&$C$5&" seq")) -> no KV cache (single-pass encoder) | R22: G | S22: Conformer CTC/RNN-T: non-autoregressive encoder. NO KV cache | U22: =IF(P22>Cards!$D$9,"multi-GPU / shard",IF(P22<=Cards!$D$3,Cards!$A$3,INDEX(Cards!$A$3:$A$9,MATCH(P22,Cards!$D$3:$D$9,1)+1))) -> Intel Arc Pro B60 24GB
A23: Orpheus-3B-0.1-ft | B23: Speech & Audio | C23: Decoder | D23: 28 | E23: 28 | F23: 0 | G23: 0 | H23: 8 | I23: 128 | J23: 0 | K23: 6 | L23: =IF(C23="None",0,2*H23*I23*$C$9) -> 4096 | M23: =IF(C23="None",0,IF(C23="Enc-Dec",E23*($C$7+J23),E23*($C$8+J23)+F23*MIN($C$8+J23,G23))) -> 143360 | N23: =L23*M23/1048576 -> 560 | O23: =L23*M23*$C$5*(1+$C$10)/1073741824 -> 9.625 | P23: =K23+O23 -> 15.625 | Q23: =IF(C23="None","no KV cache (single-pass encoder)",IF(C23="Enc-Dec","2 x "&E23&" dec-L x "&H23&" kv x "&I23&" hd x "&$C$9&"B x ("&$C$7&"+"&J23&"img) out-tok x "&$C$5&" seq","2 x ("&E23&"+"&F23&"w) L x "&H23&" kv x "&I23&" hd x "&$C$9&"B x ("&$C$8&"+"&J23&"img) tok x "&$C$5&" seq")) -> 2 x (28+0w) L x 8 kv x 128 hd x 2B x (5120+0img) tok x 16 seq | R23: Y | S23: TTS: autoregressive Llama-3.2-3B backbone. seq = AUDIO tokens (can be long); text-token assumption is a proxy | U23: =IF(P23>Cards!$D$9,"multi-GPU / shard",IF(P23<=Cards!$D$3,Cards!$A$3,INDEX(Cards!$A$3:$A$9,MATCH(P23,Cards!$D$3:$D$9,1)+1))) -> Intel Arc Pro B60 24GB
A24: pyannote speaker-diarization | B24: Speech & Audio | C24: None | D24: 0 | E24: 0 | F24: 0 | G24: 0 | H24: 0 | I24: 0 | J24: 0 | K24: 0.15 | L24: =IF(C24="None",0,2*H24*I24*$C$9) -> 0 | M24: =IF(C24="None",0,IF(C24="Enc-Dec",E24*($C$7+J24),E24*($C$8+J24)+F24*MIN($C$8+J24,G24))) -> 0 | N24: =L24*M24/1048576 -> 0 | O24: =L24*M24*$C$5*(1+$C$10)/1073741824 -> 0 | P24: =K24+O24 -> 0.15 | Q24: =IF(C24="None","no KV cache (single-pass encoder)",IF(C24="Enc-Dec","2 x "&E24&" dec-L x "&H24&" kv x "&I24&" hd x "&$C$9&"B x ("&$C$7&"+"&J24&"img) out-tok x "&$C$5&" seq","2 x ("&E24&"+"&F24&"w) L x "&H24&" kv x "&I24&" hd x "&$C$9&"B x ("&$C$8&"+"&J24&"img) tok x "&$C$5&" seq")) -> no KV cache (single-pass encoder) | R24: G | S24: Segmentation + embedding + clustering pipeline. NO KV cache | U24: =IF(P24>Cards!$D$9,"multi-GPU / shard",IF(P24<=Cards!$D$3,Cards!$A$3,INDEX(Cards!$A$3:$A$9,MATCH(P24,Cards!$D$3:$D$9,1)+1))) -> Intel Arc Pro B60 24GB
A25: Silero VAD v5 | B25: Speech & Audio | C25: None | D25: 0 | E25: 0 | F25: 0 | G25: 0 | H25: 0 | I25: 0 | J25: 0 | K25: 0.01 | L25: =IF(C25="None",0,2*H25*I25*$C$9) -> 0 | M25: =IF(C25="None",0,IF(C25="Enc-Dec",E25*($C$7+J25),E25*($C$8+J25)+F25*MIN($C$8+J25,G25))) -> 0 | N25: =L25*M25/1048576 -> 0 | O25: =L25*M25*$C$5*(1+$C$10)/1073741824 -> 0 | P25: =K25+O25 -> 0.01 | Q25: =IF(C25="None","no KV cache (single-pass encoder)",IF(C25="Enc-Dec","2 x "&E25&" dec-L x "&H25&" kv x "&I25&" hd x "&$C$9&"B x ("&$C$7&"+"&J25&"img) out-tok x "&$C$5&" seq","2 x ("&E25&"+"&F25&"w) L x "&H25&" kv x "&I25&" hd x "&$C$9&"B x ("&$C$8&"+"&J25&"img) tok x "&$C$5&" seq")) -> no KV cache (single-pass encoder) | R25: G | S25: LSTM VAD. NO KV cache | U25: =IF(P25>Cards!$D$9,"multi-GPU / shard",IF(P25<=Cards!$D$3,Cards!$A$3,INDEX(Cards!$A$3:$A$9,MATCH(P25,Cards!$D$3:$D$9,1)+1))) -> Intel Arc Pro B60 24GB
... A54: Sarvam-30B | B54: LLM | C54: Decoder | D54: 48 | E54: 48 | F54: 0 | G54: 0 | H54: 4 | I54: 128 | J54: 0 | K54: 60 | L54: =IF(C54="None",0,2*H54*I54*$C$9) -> 2048 | M54: =IF(C54="None",0,IF(C54="Enc-Dec",E54*($C$7+J54),E54*($C$8+J54)+F54*MIN($C$8+J54,G54))) -> 245760 | N54: =L54*M54/1048576 -> 480 | O54: =L54*M54*$C$5*(1+$C$10)/1073741824 -> 8.25 | P54: =K54+O54 -> 68.25 | Q54: =IF(C54="None","no KV cache (single-pass encoder)",IF(C54="Enc-Dec","2 x "&E54&" dec-L x "&H54&" kv x "&I54&" hd x "&$C$9&"B x ("&$C$7&"+"&J54&"img) out-tok x "&$C$5&" seq","2 x ("&E54&"+"&F54&"w) L x "&H54&" kv x "&I54&" hd x "&$C$9&"B x ("&$C$8&"+"&J54&"img) tok x "&$C$5&" seq")) -> 2 x (48+0w) L x 4 kv x 128 hd x 2B x (5120+0img) tok x 16 seq | R54: Y | S54: 2026-dated MoE (~2.4B active). Architecture UNVERIFIED - placeholder arch | U54: =IF(P54>Cards!$D$9,"multi-GPU / shard",IF(P54<=Cards!$D$3,Cards!$A$3,INDEX(Cards!$A$3:$A$9,MATCH(P54,Cards!$D$3:$D$9,1)+1))) -> NVIDIA H100 SXM 80GB

Sheet Cards
A1: Accelerator reference (usable = capacity x 90%)
A2: Accelerator | B2: HBM/VRAM (GiB) | C2: Util cap | D2: Usable (GiB) | E2: Notes
A3: Intel Arc Pro B60 24GB | B3: 24 | C3: 0.9 | D3: =B3*C3 -> 21.6 | E3: Edge/workstation; TP for larger models
A4: NVIDIA L40S 48GB | B4: 48 | C4: 0.9 | D4: =B4*C4 -> 43.2 | E4: PCIe datacenter
A5: NVIDIA H100 SXM 80GB | B5: 80 | C5: 0.9 | D5: =B5*C5 -> 72 | E5: Datacenter standard
A6: Intel Gaudi 3 128GB | B6: 128 | C6: 0.9 | D6: =B6*C6 -> 115.2 | E6: vLLM-fork; large single-card KV budget
A7: NVIDIA H200 141GB | B7: 141 | C7: 0.9 | D7: =B7*C7 -> 126.9 | E7: Large single-card home
A8: NVIDIA B200 180GB | B8: 180 | C8: 0.9 | D8: =B8*C8 -> 162 | E8: Blackwell
A9: AMD MI300X 192GB | B9: 192 | C9: 0.9 | D9: =B9*C9 -> 172.8 | E9: Largest single-card capacity
A11: Sorted ascending by capacity so the smallest-fit lookup on the sizing sheet works. Add cards in ascending order and extend ranges $A$3:$A$9 / $D$3:$D$9 if you add rows.

Sheet Method & Legend
A1: Method, formula & legend
A3: The vLLM load-time KV formula
A4: At init, vLLM computes bytes per token per layer = 2 x num_kv_heads x head_dim x dtype_bytes. The 2 is K and V.
A5: It then multiplies by cached token-layers and by concurrent sequences, and allocates that as paged blocks
A6: (default block_size = 16 tokens). Total KV = 2 x n_kv_heads x head_dim x bytes x layers x seq_len x num_seqs.
A7: This workbook mirrors that: bytes/tok/layer (col L) x cached token-layers/seq (col M) x concurrency x (1+overhead).
A9: KV cache TYPE - why most catalog models show zero
A10: Decoder : autoregressive decoder-only transformer. Full KV cache over the whole context. Formula applies directly.
A11: Hybrid : decoder with sliding-window (banded) + global layers (GPT-OSS, Gemma 3/4) OR conv+attention (LFM2). Dense
A12: layers cache the full sequence; window layers cache only min(seq, window). This is the big KV saver at long context.
A13: Enc-Dec : encoder-decoder (Whisper, IndicTrans2, GLM-OCR). The encoder is single-pass (no KV cache); the decoder caches
A14: only its own generated tokens (output length), plus fixed cross-attention to encoder states. KV is small.
... A41: Orpheus TTS sequence is audio-codec tokens, not text; the 4K/1K text assumption is a rough proxy.
