Workbook

Sheet SKU Recommendations
A1: Category | B1: Workload | C1: Sub-workload / Notes | D1: Tier | E1: SKU | F1: Cores | G1: TDP (W) | H1: Base Freq | I1: All-Core Turbo | J1: Max Turbo | K1: Extra Freq / Notes | L1: Performance | M1: Why | N1: Core Type | O1: Platform / Memory Architecture | P1: Mem Channels | Q1: Base Freq (GHz) | R1: DDR5 RDIMM Speed Used (MT/s) | S1: DDR5 MRDIMM Speed Used (MT/s) | T1: Peak Mem BW – RDIMM (GB/s) | U1: Peak Mem BW – MRDIMM (GB/s) | V1: AVX-512 FP64 TFLOPS (peak, base clk) | W1: AVX-512 FP32 TFLOPS (peak, base clk) | X1: AMX BF16/FP16 TFLOPS (peak, base clk) | Y1: AMX INT8 TOPS (peak, base clk) | Z1: Formula / Source
A2: AI / Machine Learning | B2: Machine Learning | C2: Scikit, XGBoost | D2: Good | E2: 6724P | F2: 16 | G2: 210 | H2: 3.6G | I2: 4.2G | J2: 4.3G | L2: Up to 1.28x higher Scikit-learn multi-instance classical machine learning performance vs prior generation*** | M2: SKUs with the highest frequency are most likely to deliver enhanced AI performance; Key CPU characteristics - high single threaded performance, large cache and high memory bandwidth | N2: P-core (Granite Rapids) | O2: Xeon 6700/6500-series (Birch Stream SP), 8-ch | P2: 8 | Q2: 3.6 | R2: 6400 | S2: 8000 | T2: =P2*R2*Assumptions!$B$10/1000 -> 409.6 | U2: =IF(ISNUMBER(S2),P2*S2*Assumptions!$B$10/1000,"N/A") -> 512 | V2: =F2*Q2*IF(N2="E-core (Sierra Forest)",Assumptions!$B$8,Assumptions!$B$4)/1000 -> 1.8432 | W2: =F2*Q2*IF(N2="E-core (Sierra Forest)",Assumptions!$B$9,Assumptions!$B$5)/1000 -> 3.6864 | X2: =IF(N2="E-core (Sierra Forest)","N/A (no AMX)",F2*Q2*Assumptions!$B$6/1000) -> 58.9824 | Y2: =IF(N2="E-core (Sierra Forest)","N/A (no AMX)",F2*Q2*Assumptions!$B$7/1000) -> 117.9648 | Z2: Peak theoretical figures, not measured. See 'Assumptions & Sources' tab for constants, formulas, and citations.
A3: AI / Machine Learning | B3: Machine Learning | C3: Scikit, XGBoost | D3: Better | E3: 6737P | F3: 32 | G3: 270 | H3: 2.9G | I3: 4G | J3: 4G | L3: Up to 1.28x higher Scikit-learn multi-instance classical machine learning performance vs prior generation*** | M3: SKUs with the highest frequency are most likely to deliver enhanced AI performance; Key CPU characteristics - high single threaded performance, large cache and high memory bandwidth | N3: P-core (Granite Rapids) | O3: Xeon 6700/6500-series (Birch Stream SP), 8-ch | P3: 8 | Q3: 2.9 | R3: 6400 | S3: 8000 | T3: =P3*R3*Assumptions!$B$10/1000 -> 409.6 | U3: =IF(ISNUMBER(S3),P3*S3*Assumptions!$B$10/1000,"N/A") -> 512 | V3: =F3*Q3*IF(N3="E-core (Sierra Forest)",Assumptions!$B$8,Assumptions!$B$4)/1000 -> 2.9696 | W3: =F3*Q3*IF(N3="E-core (Sierra Forest)",Assumptions!$B$9,Assumptions!$B$5)/1000 -> 5.9392 | X3: =IF(N3="E-core (Sierra Forest)","N/A (no AMX)",F3*Q3*Assumptions!$B$6/1000) -> 95.0272 | Y3: =IF(N3="E-core (Sierra Forest)","N/A (no AMX)",F3*Q3*Assumptions!$B$7/1000) -> 190.0544 | Z3: Peak theoretical figures, not measured. See 'Assumptions & Sources' tab for constants, formulas, and citations.
A4: AI / Machine Learning | B4: Machine Learning | C4: Scikit, XGBoost | D4: Best | E4: 6960P | F4: 72 | G4: 500 | H4: 2.7G | I4: 3.8G | J4: 3.9G | L4: Up to 1.28x higher Scikit-learn multi-instance classical machine learning performance vs prior generation*** | M4: SKUs with the highest frequency are most likely to deliver enhanced AI performance; Key CPU characteristics - high single threaded performance, large cache and high memory bandwidth | N4: P-core (Granite Rapids) | O4: Xeon 6900-series (Birch Stream AP), 12-ch | P4: 12 | Q4: 2.7 | R4: 6400 | S4: 8800 | T4: =P4*R4*Assumptions!$B$10/1000 -> 614.4 | U4: =IF(ISNUMBER(S4),P4*S4*Assumptions!$B$10/1000,"N/A") -> 844.8 | V4: =F4*Q4*IF(N4="E-core (Sierra Forest)",Assumptions!$B$8,Assumptions!$B$4)/1000 -> 6.2208 | W4: =F4*Q4*IF(N4="E-core (Sierra Forest)",Assumptions!$B$9,Assumptions!$B$5)/1000 -> 12.4416 | X4: =IF(N4="E-core (Sierra Forest)","N/A (no AMX)",F4*Q4*Assumptions!$B$6/1000) -> 199.0656 | Y4: =IF(N4="E-core (Sierra Forest)","N/A (no AMX)",F4*Q4*Assumptions!$B$7/1000) -> 398.1312 | Z4: Peak theoretical figures, not measured. See 'Assumptions & Sources' tab for constants, formulas, and citations.
A5: AI / Machine Learning | B5: Computer Vision | C5: ResNet50, Vision Transformer, YOLO (batch inference) | D5: Good | E5: 6960P | F5: 72 | G5: 500 | H5: 2.7G | I5: 3.8G | J5: 3.9G | L5: Up to 2.17x higher ResNet-50 batch inference performance (int8) with Intel Xeon 6980P vs. AMD EPYC 9755 | M5: Greatest number of cores is optimal; Benefits from high AMX frequency; Key CPU characteristics - high core counts, SIMD instructions and low latency | N5: P-core (Granite Rapids) | O5: Xeon 6900-series (Birch Stream AP), 12-ch | P5: 12 | Q5: 2.7 | R5: 6400 | S5: 8800 | T5: =P5*R5*Assumptions!$B$10/1000 -> 614.4 | U5: =IF(ISNUMBER(S5),P5*S5*Assumptions!$B$10/1000,"N/A") -> 844.8 | V5: =F5*Q5*IF(N5="E-core (Sierra Forest)",Assumptions!$B$8,Assumptions!$B$4)/1000 -> 6.2208 | W5: =F5*Q5*IF(N5="E-core (Sierra Forest)",Assumptions!$B$9,Assumptions!$B$5)/1000 -> 12.4416 | X5: =IF(N5="E-core (Sierra Forest)","N/A (no AMX)",F5*Q5*Assumptions!$B$6/1000) -> 199.0656 | Y5: =IF(N5="E-core (Sierra Forest)","N/A (no AMX)",F5*Q5*Assumptions!$B$7/1000) -> 398.1312 | Z5: Peak theoretical figures, not measured. See 'Assumptions & Sources' tab for constants, formulas, and citations.
A6: AI / Machine Learning | B6: Computer Vision | C6: ResNet50, Vision Transformer, YOLO (batch inference) | D6: Better | E6: 6972P | F6: 96 | G6: 500 | H6: 2.4G | I6: 3.5G | J6: 3.9G | L6: Up to 2.17x higher ResNet-50 batch inference performance (int8) with Intel Xeon 6980P vs. AMD EPYC 9755 | M6: Greatest number of cores is optimal; Benefits from high AMX frequency; Key CPU characteristics - high core counts, SIMD instructions and low latency | N6: P-core (Granite Rapids) | O6: Xeon 6900-series (Birch Stream AP), 12-ch | P6: 12 | Q6: 2.4 | R6: 6400 | S6: 8800 | T6: =P6*R6*Assumptions!$B$10/1000 -> 614.4 | U6: =IF(ISNUMBER(S6),P6*S6*Assumptions!$B$10/1000,"N/A") -> 844.8 | V6: =F6*Q6*IF(N6="E-core (Sierra Forest)",Assumptions!$B$8,Assumptions!$B$4)/1000 -> 7.3728 | W6: =F6*Q6*IF(N6="E-core (Sierra Forest)",Assumptions!$B$9,Assumptions!$B$5)/1000 -> 14.7456 | X6: =IF(N6="E-core (Sierra Forest)","N/A (no AMX)",F6*Q6*Assumptions!$B$6/1000) -> 235.9296 | Y6: =IF(N6="E-core (Sierra Forest)","N/A (no AMX)",F6*Q6*Assumptions!$B$7/1000) -> 471.8592 | Z6: Peak theoretical figures, not measured. See 'Assumptions & Sources' tab for constants, formulas, and citations.
A7: AI / Machine Learning | B7: Computer Vision | C7: ResNet50, Vision Transformer, YOLO (batch inference) | D7: Best | E7: 6980P | F7: 128 | G7: 500 | H7: 2G | I7: 3.2G | J7: 3.9G | L7: Up to 2.17x higher ResNet-50 batch inference performance (int8) with Intel Xeon 6980P vs. AMD EPYC 9755 | M7: Greatest number of cores is optimal; Benefits from high AMX frequency; Key CPU characteristics - high core counts, SIMD instructions and low latency | N7: P-core (Granite Rapids) | O7: Xeon 6900-series (Birch Stream AP), 12-ch | P7: 12 | Q7: 2 | R7: 6400 | S7: 8800 | T7: =P7*R7*Assumptions!$B$10/1000 -> 614.4 | U7: =IF(ISNUMBER(S7),P7*S7*Assumptions!$B$10/1000,"N/A") -> 844.8 | V7: =F7*Q7*IF(N7="E-core (Sierra Forest)",Assumptions!$B$8,Assumptions!$B$4)/1000 -> 8.192 | W7: =F7*Q7*IF(N7="E-core (Sierra Forest)",Assumptions!$B$9,Assumptions!$B$5)/1000 -> 16.384 | X7: =IF(N7="E-core (Sierra Forest)","N/A (no AMX)",F7*Q7*Assumptions!$B$6/1000) -> 262.144 | Y7: =IF(N7="E-core (Sierra Forest)","N/A (no AMX)",F7*Q7*Assumptions!$B$7/1000) -> 524.288 | Z7: Peak theoretical figures, not measured. See 'Assumptions & Sources' tab for constants, formulas, and citations.
A8: AI / Machine Learning | B8: Computer Vision | C8: ResNet50, Vision Transformer, YOLO (real-time inference) | D8: Good | E8: 6747P | F8: 48 | G8: 330 | H8: 2.7G | I8: 3.8G | J8: 3.9G | L8: Up to 1.86x (int8) and 1.82x (bf16) higher ResNet-50 Real-Time Inference performance with Intel Xeon 6980P [MRDIMM] vs. prior generation | M8: Greatest number of cores is optimal; Benefits from high AMX frequency; Key CPU characteristics - high core counts, SIMD instructions and low latency | N8: P-core (Granite Rapids) | O8: Xeon 6700/6500-series (Birch Stream SP), 8-ch | P8: 8 | Q8: 2.7 | R8: 6400 | S8: 8000 | T8: =P8*R8*Assumptions!$B$10/1000 -> 409.6 | U8: =IF(ISNUMBER(S8),P8*S8*Assumptions!$B$10/1000,"N/A") -> 512 | V8: =F8*Q8*IF(N8="E-core (Sierra Forest)",Assumptions!$B$8,Assumptions!$B$4)/1000 -> 4.1472 | W8: =F8*Q8*IF(N8="E-core (Sierra Forest)",Assumptions!$B$9,Assumptions!$B$5)/1000 -> 8.2944 | X8: =IF(N8="E-core (Sierra Forest)","N/A (no AMX)",F8*Q8*Assumptions!$B$6/1000) -> 132.7104 | Y8: =IF(N8="E-core (Sierra Forest)","N/A (no AMX)",F8*Q8*Assumptions!$B$7/1000) -> 265.4208 | Z8: Peak theoretical figures, not measured. See 'Assumptions & Sources' tab for constants, formulas, and citations.
A9: AI / Machine Learning | B9: Computer Vision | C9: ResNet50, Vision Transformer, YOLO (real-time inference) | D9: Better | E9: 6767P | F9: 64 | G9: 350 | H9: 2.6G | I9: 3.6G | J9: 3.9G | L9: Up to 1.86x (int8) and 1.82x (bf16) higher ResNet-50 Real-Time Inference performance with Intel Xeon 6980P [MRDIMM] vs. prior generation | M9: Greatest number of cores is optimal; Benefits from high AMX frequency; Key CPU characteristics - high core counts, SIMD instructions and low latency | N9: P-core (Granite Rapids) | O9: Xeon 6700/6500-series (Birch Stream SP), 8-ch | P9: 8 | Q9: 2.6 | R9: 6400 | S9: 8000 | T9: =P9*R9*Assumptions!$B$10/1000 -> 409.6 | U9: =IF(ISNUMBER(S9),P9*S9*Assumptions!$B$10/1000,"N/A") -> 512 | V9: =F9*Q9*IF(N9="E-core (Sierra Forest)",Assumptions!$B$8,Assumptions!$B$4)/1000 -> 5.3248 | W9: =F9*Q9*IF(N9="E-core (Sierra Forest)",Assumptions!$B$9,Assumptions!$B$5)/1000 -> 10.6496 | X9: =IF(N9="E-core (Sierra Forest)","N/A (no AMX)",F9*Q9*Assumptions!$B$6/1000) -> 170.3936 | Y9: =IF(N9="E-core (Sierra Forest)","N/A (no AMX)",F9*Q9*Assumptions!$B$7/1000) -> 340.7872 | Z9: Peak theoretical figures, not measured. See 'Assumptions & Sources' tab for constants, formulas, and citations.
A10: AI / Machine Learning | B10: Computer Vision | C10: ResNet50, Vision Transformer, YOLO (real-time inference) | D10: Best | E10: 6787P | F10: 86 | G10: 350 | H10: 2G | I10: 3.2G | J10: 3.8G | L10: Up to 1.86x (int8) and 1.82x (bf16) higher ResNet-50 Real-Time Inference performance with Intel Xeon 6980P [MRDIMM] vs. prior generation | M10: Greatest number of cores is optimal; Benefits from high AMX frequency; Key CPU characteristics - high core counts, SIMD instructions and low latency | N10: P-core (Granite Rapids) | O10: Xeon 6700/6500-series (Birch Stream SP), 8-ch | P10: 8 | Q10: 2 | R10: 6400 | S10: 8000 | T10: =P10*R10*Assumptions!$B$10/1000 -> 409.6 | U10: =IF(ISNUMBER(S10),P10*S10*Assumptions!$B$10/1000,"N/A") -> 512 | V10: =F10*Q10*IF(N10="E-core (Sierra Forest)",Assumptions!$B$8,Assumptions!$B$4)/1000 -> 5.504 | W10: =F10*Q10*IF(N10="E-core (Sierra Forest)",Assumptions!$B$9,Assumptions!$B$5)/1000 -> 11.008 | X10: =IF(N10="E-core (Sierra Forest)","N/A (no AMX)",F10*Q10*Assumptions!$B$6/1000) -> 176.128 | Y10: =IF(N10="E-core (Sierra Forest)","N/A (no AMX)",F10*Q10*Assumptions!$B$7/1000) -> 352.256 | Z10: Peak theoretical figures, not measured. See 'Assumptions & Sources' tab for constants, formulas, and citations.
A11: AI / Machine Learning | B11: Natural Language Processing | C11: BERT (batch inference) | D11: Good | E11: 6960P | F11: 72 | G11: 500 | H11: 2.7G | I11: 3.8G | J11: 3.9G | L11: Up to 1.85x higher BERT-Large batch inference performance (int8) with Intel Xeon 6980P vs. AMD EPYC 9755 | M11: Greatest number of cores is optimal; Benefits from high AMX frequency; Key CPU characteristics - high core counts, SIMD instructions and low latency | N11: P-core (Granite Rapids) | O11: Xeon 6900-series (Birch Stream AP), 12-ch | P11: 12 | Q11: 2.7 | R11: 6400 | S11: 8800 | T11: =P11*R11*Assumptions!$B$10/1000 -> 614.4 | U11: =IF(ISNUMBER(S11),P11*S11*Assumptions!$B$10/1000,"N/A") -> 844.8 | V11: =F11*Q11*IF(N11="E-core (Sierra Forest)",Assumptions!$B$8,Assumptions!$B$4)/1000 -> 6.2208 | W11: =F11*Q11*IF(N11="E-core (Sierra Forest)",Assumptions!$B$9,Assumptions!$B$5)/1000 -> 12.4416 | X11: =IF(N11="E-core (Sierra Forest)","N/A (no AMX)",F11*Q11*Assumptions!$B$6/1000) -> 199.0656 | Y11: =IF(N11="E-core (Sierra Forest)","N/A (no AMX)",F11*Q11*Assumptions!$B$7/1000) -> 398.1312 | Z11: Peak theoretical figures, not measured. See 'Assumptions & Sources' tab for constants, formulas, and citations.
A12: AI / Machine Learning | B12: Natural Language Processing | C12: BERT (batch inference) | D12: Better | E12: 6972P | F12: 96 | G12: 500 | H12: 2.4G | I12: 3.5G | J12: 3.9G | L12: Up to 1.85x higher BERT-Large batch inference performance (int8) with Intel Xeon 6980P vs. AMD EPYC 9755 | M12: Greatest number of cores is optimal; Benefits from high AMX frequency; Key CPU characteristics - high core counts, SIMD instructions and low latency | N12: P-core (Granite Rapids) | O12: Xeon 6900-series (Birch Stream AP), 12-ch | P12: 12 | Q12: 2.4 | R12: 6400 | S12: 8800 | T12: =P12*R12*Assumptions!$B$10/1000 -> 614.4 | U12: =IF(ISNUMBER(S12),P12*S12*Assumptions!$B$10/1000,"N/A") -> 844.8 | V12: =F12*Q12*IF(N12="E-core (Sierra Forest)",Assumptions!$B$8,Assumptions!$B$4)/1000 -> 7.3728 | W12: =F12*Q12*IF(N12="E-core (Sierra Forest)",Assumptions!$B$9,Assumptions!$B$5)/1000 -> 14.7456 | X12: =IF(N12="E-core (Sierra Forest)","N/A (no AMX)",F12*Q12*Assumptions!$B$6/1000) -> 235.9296 | Y12: =IF(N12="E-core (Sierra Forest)","N/A (no AMX)",F12*Q12*Assumptions!$B$7/1000) -> 471.8592 | Z12: Peak theoretical figures, not measured. See 'Assumptions & Sources' tab for constants, formulas, and citations.
A13: AI / Machine Learning | B13: Natural Language Processing | C13: BERT (batch inference) | D13: Best | E13: 6980P | F13: 128 | G13: 500 | H13: 2G | I13: 3.2G | J13: 3.9G | L13: Up to 1.85x higher BERT-Large batch inference performance (int8) with Intel Xeon 6980P vs. AMD EPYC 9755 | M13: Greatest number of cores is optimal; Benefits from high AMX frequency; Key CPU characteristics - high core counts, SIMD instructions and low latency | N13: P-core (Granite Rapids) | O13: Xeon 6900-series (Birch Stream AP), 12-ch | P13: 12 | Q13: 2 | R13: 6400 | S13: 8800 | T13: =P13*R13*Assumptions!$B$10/1000 -> 614.4 | U13: =IF(ISNUMBER(S13),P13*S13*Assumptions!$B$10/1000,"N/A") -> 844.8 | V13: =F13*Q13*IF(N13="E-core (Sierra Forest)",Assumptions!$B$8,Assumptions!$B$4)/1000 -> 8.192 | W13: =F13*Q13*IF(N13="E-core (Sierra Forest)",Assumptions!$B$9,Assumptions!$B$5)/1000 -> 16.384 | X13: =IF(N13="E-core (Sierra Forest)","N/A (no AMX)",F13*Q13*Assumptions!$B$6/1000) -> 262.144 | Y13: =IF(N13="E-core (Sierra Forest)","N/A (no AMX)",F13*Q13*Assumptions!$B$7/1000) -> 524.288 | Z13: Peak theoretical figures, not measured. See 'Assumptions & Sources' tab for constants, formulas, and citations.
... A32: HPC / Simulation | B32: Manufacturing / Simulation | C32: OpenFOAM, Fluent, Dyna | D32: Best | E32: 6972P | F32: 96 | G32: 500 | H32: 2.4G | I32: 3.5G | J32: 3.8G | L32: Intel Xeon 6980P delivers 1.43x higher performance and 1.34x higher performance/watt per server vs. Intel Xeon AMD EPYC 9755 on OpenFOAM geomean (2); Up to 2.43x higher OpenFOAM performance and up to 1.7x higher OpenFOAM perf/watt with Intel Xeon 6980P (MRDIMM) vs. Intel Xeon 8592+ | M32: High memory bandwidth (MRDIMMs) recommended for best performance | N32: P-core (Granite Rapids) | O32: Xeon 6900-series (Birch Stream AP), 12-ch | P32: 12 | Q32: 2.4 | R32: 6400 | S32: 8800 | T32: =P32*R32*Assumptions!$B$10/1000 -> 614.4 | U32: =IF(ISNUMBER(S32),P32*S32*Assumptions!$B$10/1000,"N/A") -> 844.8 | V32: =F32*Q32*IF(N32="E-core (Sierra Forest)",Assumptions!$B$8,Assumptions!$B$4)/1000 -> 7.3728 | W32: =F32*Q32*IF(N32="E-core (Sierra Forest)",Assumptions!$B$9,Assumptions!$B$5)/1000 -> 14.7456 | X32: =IF(N32="E-core (Sierra Forest)","N/A (no AMX)",F32*Q32*Assumptions!$B$6/1000) -> 235.9296 | Y32: =IF(N32="E-core (Sierra Forest)","N/A (no AMX)",F32*Q32*Assumptions!$B$7/1000) -> 471.8592 | Z32: Peak theoretical figures, not measured. See 'Assumptions & Sources' tab for constants, formulas, and citations.
A33: HPC / Simulation | B33: Manufacturing / Simulation | C33: OpenFOAM, Fluent, Dyna | D33: Best | E33: 6960P* | F33: 72 | G33: 500 | H33: 2.7G | I33: 3.8G | J33: 3.9G | K33: also 66C/48C variants | L33: Intel Xeon 6980P delivers 1.43x higher performance and 1.34x higher performance/watt per server vs. Intel Xeon AMD EPYC 9755 on OpenFOAM geomean (2); Up to 2.43x higher OpenFOAM performance and up to 1.7x higher OpenFOAM perf/watt with Intel Xeon 6980P (MRDIMM) vs. Intel Xeon 8592+ | M33: High memory bandwidth (MRDIMMs) recommended for best performance | N33: P-core (Granite Rapids) | O33: Xeon 6900-series (Birch Stream AP), 12-ch | P33: 12 | Q33: 2.7 | R33: 6400 | S33: 8800 | T33: =P33*R33*Assumptions!$B$10/1000 -> 614.4 | U33: =IF(ISNUMBER(S33),P33*S33*Assumptions!$B$10/1000,"N/A") -> 844.8 | V33: =F33*Q33*IF(N33="E-core (Sierra Forest)",Assumptions!$B$8,Assumptions!$B$4)/1000 -> 6.2208 | W33: =F33*Q33*IF(N33="E-core (Sierra Forest)",Assumptions!$B$9,Assumptions!$B$5)/1000 -> 12.4416 | X33: =IF(N33="E-core (Sierra Forest)","N/A (no AMX)",F33*Q33*Assumptions!$B$6/1000) -> 199.0656 | Y33: =IF(N33="E-core (Sierra Forest)","N/A (no AMX)",F33*Q33*Assumptions!$B$7/1000) -> 398.1312 | Z33: Peak theoretical figures, not measured. See 'Assumptions & Sources' tab for constants, formulas, and citations.
A34: HPC / Simulation | B34: Energy | C34: Seismic Kernal | D34: Good | E34: 6767P | F34: 64 | G34: 350 | H34: 2.4G | I34: 3.6G | J34: 3.9G | L34: Up to 1.54x higher Seismic Kernels (geomean of 4) performance with Intel Xeon 6980P (MRDIMM) vs. AMD EPYC 9654 | M34: High memory bandwidth (MRDIMMs) recommended for best performance; Benefit from higher core counts | N34: P-core (Granite Rapids) | O34: Xeon 6700/6500-series (Birch Stream SP), 8-ch | P34: 8 | Q34: 2.4 | R34: 6400 | S34: 8000 | T34: =P34*R34*Assumptions!$B$10/1000 -> 409.6 | U34: =IF(ISNUMBER(S34),P34*S34*Assumptions!$B$10/1000,"N/A") -> 512 | V34: =F34*Q34*IF(N34="E-core (Sierra Forest)",Assumptions!$B$8,Assumptions!$B$4)/1000 -> 4.9152 | W34: =F34*Q34*IF(N34="E-core (Sierra Forest)",Assumptions!$B$9,Assumptions!$B$5)/1000 -> 9.8304 | X34: =IF(N34="E-core (Sierra Forest)","N/A (no AMX)",F34*Q34*Assumptions!$B$6/1000) -> 157.2864 | Y34: =IF(N34="E-core (Sierra Forest)","N/A (no AMX)",F34*Q34*Assumptions!$B$7/1000) -> 314.5728 | Z34: Peak theoretical figures, not measured. See 'Assumptions & Sources' tab for constants, formulas, and citations.
A35: HPC / Simulation | B35: Energy | C35: Seismic Kernal | D35: Better | E35: 6972P | F35: 96 | G35: 500 | H35: 2.4G | I35: 3.5G | J35: 3.9G | L35: Up to 1.54x higher Seismic Kernels (geomean of 4) performance with Intel Xeon 6980P (MRDIMM) vs. AMD EPYC 9654 | M35: High memory bandwidth (MRDIMMs) recommended for best performance; Benefit from higher core counts | N35: P-core (Granite Rapids) | O35: Xeon 6900-series (Birch Stream AP), 12-ch | P35: 12 | Q35: 2.4 | R35: 6400 | S35: 8800 | T35: =P35*R35*Assumptions!$B$10/1000 -> 614.4 | U35: =IF(ISNUMBER(S35),P35*S35*Assumptions!$B$10/1000,"N/A") -> 844.8 | V35: =F35*Q35*IF(N35="E-core (Sierra Forest)",Assumptions!$B$8,Assumptions!$B$4)/1000 -> 7.3728 | W35: =F35*Q35*IF(N35="E-core (Sierra Forest)",Assumptions!$B$9,Assumptions!$B$5)/1000 -> 14.7456 | X35: =IF(N35="E-core (Sierra Forest)","N/A (no AMX)",F35*Q35*Assumptions!$B$6/1000) -> 235.9296 | Y35: =IF(N35="E-core (Sierra Forest)","N/A (no AMX)",F35*Q35*Assumptions!$B$7/1000) -> 471.8592 | Z35: Peak theoretical figures, not measured. See 'Assumptions & Sources' tab for constants, formulas, and citations.
A36: HPC / Simulation | B36: Energy | C36: Seismic Kernal | D36: Better | E36: 6787P | F36: 86 | G36: 350 | H36: 2G | I36: 3.2G | J36: 3.8G | L36: Up to 1.54x higher Seismic Kernels (geomean of 4) performance with Intel Xeon 6980P (MRDIMM) vs. AMD EPYC 9654 | M36: High memory bandwidth (MRDIMMs) recommended for best performance; Benefit from higher core counts | N36: P-core (Granite Rapids) | O36: Xeon 6700/6500-series (Birch Stream SP), 8-ch | P36: 8 | Q36: 2 | R36: 6400 | S36: 8000 | T36: =P36*R36*Assumptions!$B$10/1000 -> 409.6 | U36: =IF(ISNUMBER(S36),P36*S36*Assumptions!$B$10/1000,"N/A") -> 512 | V36: =F36*Q36*IF(N36="E-core (Sierra Forest)",Assumptions!$B$8,Assumptions!$B$4)/1000 -> 5.504 | W36: =F36*Q36*IF(N36="E-core (Sierra Forest)",Assumptions!$B$9,Assumptions!$B$5)/1000 -> 11.008 | X36: =IF(N36="E-core (Sierra Forest)","N/A (no AMX)",F36*Q36*Assumptions!$B$6/1000) -> 176.128 | Y36: =IF(N36="E-core (Sierra Forest)","N/A (no AMX)",F36*Q36*Assumptions!$B$7/1000) -> 352.256 | Z36: Peak theoretical figures, not measured. See 'Assumptions & Sources' tab for constants, formulas, and citations.
A37: HPC / Simulation | B37: Energy | C37: Seismic Kernal | D37: Best | E37: 6980P | F37: 128 | G37: 500 | H37: 2G | I37: 3.2G | J37: 3.9G | L37: Up to 1.54x higher Seismic Kernels (geomean of 4) performance with Intel Xeon 6980P (MRDIMM) vs. AMD EPYC 9654 | M37: High memory bandwidth (MRDIMMs) recommended for best performance; Benefit from higher core counts | N37: P-core (Granite Rapids) | O37: Xeon 6900-series (Birch Stream AP), 12-ch | P37: 12 | Q37: 2 | R37: 6400 | S37: 8800 | T37: =P37*R37*Assumptions!$B$10/1000 -> 614.4 | U37: =IF(ISNUMBER(S37),P37*S37*Assumptions!$B$10/1000,"N/A") -> 844.8 | V37: =F37*Q37*IF(N37="E-core (Sierra Forest)",Assumptions!$B$8,Assumptions!$B$4)/1000 -> 8.192 | W37: =F37*Q37*IF(N37="E-core (Sierra Forest)",Assumptions!$B$9,Assumptions!$B$5)/1000 -> 16.384 | X37: =IF(N37="E-core (Sierra Forest)","N/A (no AMX)",F37*Q37*Assumptions!$B$6/1000) -> 262.144 | Y37: =IF(N37="E-core (Sierra Forest)","N/A (no AMX)",F37*Q37*Assumptions!$B$7/1000) -> 524.288 | Z37: Peak theoretical figures, not measured. See 'Assumptions & Sources' tab for constants, formulas, and citations.
A38: HPC / Simulation | B38: Energy | C38: Seismic Kernal | D38: Best | E38: 6978P | F38: 120 | G38: 500 | H38: 2.1G | I38: 3.2G | J38: 3.9G | L38: Up to 1.54x higher Seismic Kernels (geomean of 4) performance with Intel Xeon 6980P (MRDIMM) vs. AMD EPYC 9654 | M38: High memory bandwidth (MRDIMMs) recommended for best performance; Benefit from higher core counts | N38: P-core (Granite Rapids) | O38: Xeon 6900-series (Birch Stream AP), 12-ch | P38: 12 | Q38: 2.1 | R38: 6400 | S38: 8800 | T38: =P38*R38*Assumptions!$B$10/1000 -> 614.4 | U38: =IF(ISNUMBER(S38),P38*S38*Assumptions!$B$10/1000,"N/A") -> 844.8 | V38: =F38*Q38*IF(N38="E-core (Sierra Forest)",Assumptions!$B$8,Assumptions!$B$4)/1000 -> 8.064 | W38: =F38*Q38*IF(N38="E-core (Sierra Forest)",Assumptions!$B$9,Assumptions!$B$5)/1000 -> 16.128 | X38: =IF(N38="E-core (Sierra Forest)","N/A (no AMX)",F38*Q38*Assumptions!$B$6/1000) -> 258.048 | Y38: =IF(N38="E-core (Sierra Forest)","N/A (no AMX)",F38*Q38*Assumptions!$B$7/1000) -> 516.096 | Z38: Peak theoretical figures, not measured. See 'Assumptions & Sources' tab for constants, formulas, and citations.
A39: HPC / Simulation | B39: Numerical Weather Simulation | C39: NWS | D39: Good | E39: 6747P | F39: 48 | G39: 330 | H39: 2.7G | I39: 3.8G | J39: 3.9G | L39: Up to 2.17x better performance on Intel Xeon 6980P Processor (MRDIMM) compared to Intel Xeon Platinum 8592+ Processor (64C) on GFS C384 (Weather Forecast Performance) | M39: High memory bandwidth (MRDIMMs) recommended for best performance; Large cache sizes | N39: P-core (Granite Rapids) | O39: Xeon 6700/6500-series (Birch Stream SP), 8-ch | P39: 8 | Q39: 2.7 | R39: 6400 | S39: 8000 | T39: =P39*R39*Assumptions!$B$10/1000 -> 409.6 | U39: =IF(ISNUMBER(S39),P39*S39*Assumptions!$B$10/1000,"N/A") -> 512 | V39: =F39*Q39*IF(N39="E-core (Sierra Forest)",Assumptions!$B$8,Assumptions!$B$4)/1000 -> 4.1472 | W39: =F39*Q39*IF(N39="E-core (Sierra Forest)",Assumptions!$B$9,Assumptions!$B$5)/1000 -> 8.2944 | X39: =IF(N39="E-core (Sierra Forest)","N/A (no AMX)",F39*Q39*Assumptions!$B$6/1000) -> 132.7104 | Y39: =IF(N39="E-core (Sierra Forest)","N/A (no AMX)",F39*Q39*Assumptions!$B$7/1000) -> 265.4208 | Z39: Peak theoretical figures, not measured. See 'Assumptions & Sources' tab for constants, formulas, and citations.
A40: HPC / Simulation | B40: Numerical Weather Simulation | C40: NWS | D40: Better | E40: 6787P | F40: 86 | G40: 350 | H40: 2G | I40: 3.2G | J40: 3.8G | L40: Up to 2.17x better performance on Intel Xeon 6980P Processor (MRDIMM) compared to Intel Xeon Platinum 8592+ Processor (64C) on GFS C384 (Weather Forecast Performance) | M40: High memory bandwidth (MRDIMMs) recommended for best performance; Large cache sizes | N40: P-core (Granite Rapids) | O40: Xeon 6700/6500-series (Birch Stream SP), 8-ch | P40: 8 | Q40: 2 | R40: 6400 | S40: 8000 | T40: =P40*R40*Assumptions!$B$10/1000 -> 409.6 | U40: =IF(ISNUMBER(S40),P40*S40*Assumptions!$B$10/1000,"N/A") -> 512 | V40: =F40*Q40*IF(N40="E-core (Sierra Forest)",Assumptions!$B$8,Assumptions!$B$4)/1000 -> 5.504 | W40: =F40*Q40*IF(N40="E-core (Sierra Forest)",Assumptions!$B$9,Assumptions!$B$5)/1000 -> 11.008 | X40: =IF(N40="E-core (Sierra Forest)","N/A (no AMX)",F40*Q40*Assumptions!$B$6/1000) -> 176.128 | Y40: =IF(N40="E-core (Sierra Forest)","N/A (no AMX)",F40*Q40*Assumptions!$B$7/1000) -> 352.256 | Z40: Peak theoretical figures, not measured. See 'Assumptions & Sources' tab for constants, formulas, and citations.
A41: HPC / Simulation | B41: Numerical Weather Simulation | C41: NWS | D41: Better | E41: 6767P | F41: 64 | G41: 350 | H41: 2.4G | I41: 3.6G | J41: 3.9G | L41: Up to 2.17x better performance on Intel Xeon 6980P Processor (MRDIMM) compared to Intel Xeon Platinum 8592+ Processor (64C) on GFS C384 (Weather Forecast Performance) | M41: High memory bandwidth (MRDIMMs) recommended for best performance; Large cache sizes | N41: P-core (Granite Rapids) | O41: Xeon 6700/6500-series (Birch Stream SP), 8-ch | P41: 8 | Q41: 2.4 | R41: 6400 | S41: 8000 | T41: =P41*R41*Assumptions!$B$10/1000 -> 409.6 | U41: =IF(ISNUMBER(S41),P41*S41*Assumptions!$B$10/1000,"N/A") -> 512 | V41: =F41*Q41*IF(N41="E-core (Sierra Forest)",Assumptions!$B$8,Assumptions!$B$4)/1000 -> 4.9152 | W41: =F41*Q41*IF(N41="E-core (Sierra Forest)",Assumptions!$B$9,Assumptions!$B$5)/1000 -> 9.8304 | X41: =IF(N41="E-core (Sierra Forest)","N/A (no AMX)",F41*Q41*Assumptions!$B$6/1000) -> 157.2864 | Y41: =IF(N41="E-core (Sierra Forest)","N/A (no AMX)",F41*Q41*Assumptions!$B$7/1000) -> 314.5728 | Z41: Peak theoretical figures, not measured. See 'Assumptions & Sources' tab for constants, formulas, and citations.
A42: HPC / Simulation | B42: Numerical Weather Simulation | C42: NWS | D42: Best | E42: 6980P | F42: 128 | G42: 500 | H42: 2G | I42: 3.2G | J42: 3.9G | L42: Up to 2.17x better performance on Intel Xeon 6980P Processor (MRDIMM) compared to Intel Xeon Platinum 8592+ Processor (64C) on GFS C384 (Weather Forecast Performance) | M42: High memory bandwidth (MRDIMMs) recommended for best performance; Large cache sizes | N42: P-core (Granite Rapids) | O42: Xeon 6900-series (Birch Stream AP), 12-ch | P42: 12 | Q42: 2 | R42: 6400 | S42: 8800 | T42: =P42*R42*Assumptions!$B$10/1000 -> 614.4 | U42: =IF(ISNUMBER(S42),P42*S42*Assumptions!$B$10/1000,"N/A") -> 844.8 | V42: =F42*Q42*IF(N42="E-core (Sierra Forest)",Assumptions!$B$8,Assumptions!$B$4)/1000 -> 8.192 | W42: =F42*Q42*IF(N42="E-core (Sierra Forest)",Assumptions!$B$9,Assumptions!$B$5)/1000 -> 16.384 | X42: =IF(N42="E-core (Sierra Forest)","N/A (no AMX)",F42*Q42*Assumptions!$B$6/1000) -> 262.144 | Y42: =IF(N42="E-core (Sierra Forest)","N/A (no AMX)",F42*Q42*Assumptions!$B$7/1000) -> 524.288 | Z42: Peak theoretical figures, not measured. See 'Assumptions & Sources' tab for constants, formulas, and citations.
A43: HPC / Simulation | B43: Numerical Weather Simulation | C43: NWS | D43: Best | E43: 6972P | F43: 96 | G43: 500 | H43: 2.4G | I43: 3.5G | J43: 3.9G | L43: Up to 2.17x better performance on Intel Xeon 6980P Processor (MRDIMM) compared to Intel Xeon Platinum 8592+ Processor (64C) on GFS C384 (Weather Forecast Performance) | M43: High memory bandwidth (MRDIMMs) recommended for best performance; Large cache sizes | N43: P-core (Granite Rapids) | O43: Xeon 6900-series (Birch Stream AP), 12-ch | P43: 12 | Q43: 2.4 | R43: 6400 | S43: 8800 | T43: =P43*R43*Assumptions!$B$10/1000 -> 614.4 | U43: =IF(ISNUMBER(S43),P43*S43*Assumptions!$B$10/1000,"N/A") -> 844.8 | V43: =F43*Q43*IF(N43="E-core (Sierra Forest)",Assumptions!$B$8,Assumptions!$B$4)/1000 -> 7.3728 | W43: =F43*Q43*IF(N43="E-core (Sierra Forest)",Assumptions!$B$9,Assumptions!$B$5)/1000 -> 14.7456 | X43: =IF(N43="E-core (Sierra Forest)","N/A (no AMX)",F43*Q43*Assumptions!$B$6/1000) -> 235.9296 | Y43: =IF(N43="E-core (Sierra Forest)","N/A (no AMX)",F43*Q43*Assumptions!$B$7/1000) -> 471.8592 | Z43: Peak theoretical figures, not measured. See 'Assumptions & Sources' tab for constants, formulas, and citations.
A44: HPC / Simulation | B44: EDA | C44: Electronic Design Automation | D44: Good | E44: 6724P | F44: 16 | G44: 210 | H44: 3.6G | I44: 4.2G | J44: 4.3G | M44: Successful with lower core count CPUs; Benefits from higher frequency CPUs | N44: P-core (Granite Rapids) | O44: Xeon 6700/6500-series (Birch Stream SP), 8-ch | P44: 8 | Q44: 3.6 | R44: 6400 | S44: 8000 | T44: =P44*R44*Assumptions!$B$10/1000 -> 409.6 | U44: =IF(ISNUMBER(S44),P44*S44*Assumptions!$B$10/1000,"N/A") -> 512 | V44: =F44*Q44*IF(N44="E-core (Sierra Forest)",Assumptions!$B$8,Assumptions!$B$4)/1000 -> 1.8432 | W44: =F44*Q44*IF(N44="E-core (Sierra Forest)",Assumptions!$B$9,Assumptions!$B$5)/1000 -> 3.6864 | X44: =IF(N44="E-core (Sierra Forest)","N/A (no AMX)",F44*Q44*Assumptions!$B$6/1000) -> 58.9824 | Y44: =IF(N44="E-core (Sierra Forest)","N/A (no AMX)",F44*Q44*Assumptions!$B$7/1000) -> 117.9648 | Z44: Peak theoretical figures, not measured. See 'Assumptions & Sources' tab for constants, formulas, and citations.
A45: HPC / Simulation | B45: EDA | C45: Electronic Design Automation | D45: Better | E45: 6738P | F45: 32 | G45: 270 | H45: 2.9G | I45: 4.2G | J45: 4.2G | M45: Successful with lower core count CPUs; Benefits from higher frequency CPUs | N45: P-core (Granite Rapids) | O45: Xeon 6700/6500-series (Birch Stream SP), 8-ch | P45: 8 | Q45: 2.9 | R45: 6400 | S45: 8000 | T45: =P45*R45*Assumptions!$B$10/1000 -> 409.6 | U45: =IF(ISNUMBER(S45),P45*S45*Assumptions!$B$10/1000,"N/A") -> 512 | V45: =F45*Q45*IF(N45="E-core (Sierra Forest)",Assumptions!$B$8,Assumptions!$B$4)/1000 -> 2.9696 | W45: =F45*Q45*IF(N45="E-core (Sierra Forest)",Assumptions!$B$9,Assumptions!$B$5)/1000 -> 5.9392 | X45: =IF(N45="E-core (Sierra Forest)","N/A (no AMX)",F45*Q45*Assumptions!$B$6/1000) -> 95.0272 | Y45: =IF(N45="E-core (Sierra Forest)","N/A (no AMX)",F45*Q45*Assumptions!$B$7/1000) -> 190.0544 | Z45: Peak theoretical figures, not measured. See 'Assumptions & Sources' tab for constants, formulas, and citations.
A46: HPC / Simulation | B46: EDA | C46: Electronic Design Automation | D46: Best | E46: 6745P | F46: 32 | G46: 300 | H46: 3.1G | I46: 4.1G | J46: 4.3G | M46: Successful with lower core count CPUs; Benefits from higher frequency CPUs | N46: P-core (Granite Rapids) | O46: Xeon 6700/6500-series (Birch Stream SP), 8-ch | P46: 8 | Q46: 3.1 | R46: 6400 | S46: 8000 | T46: =P46*R46*Assumptions!$B$10/1000 -> 409.6 | U46: =IF(ISNUMBER(S46),P46*S46*Assumptions!$B$10/1000,"N/A") -> 512 | V46: =F46*Q46*IF(N46="E-core (Sierra Forest)",Assumptions!$B$8,Assumptions!$B$4)/1000 -> 3.1744 | W46: =F46*Q46*IF(N46="E-core (Sierra Forest)",Assumptions!$B$9,Assumptions!$B$5)/1000 -> 6.3488 | X46: =IF(N46="E-core (Sierra Forest)","N/A (no AMX)",F46*Q46*Assumptions!$B$6/1000) -> 101.5808 | Y46: =IF(N46="E-core (Sierra Forest)","N/A (no AMX)",F46*Q46*Assumptions!$B$7/1000) -> 203.1616 | Z46: Peak theoretical figures, not measured. See 'Assumptions & Sources' tab for constants, formulas, and citations.
A47: Database | B47: SQL Database | C47: MySQL / relational | D47: Good | E47: 6747P | F47: 48 | G47: 330 | H47: 2.7G | I47: 3.8G | J47: 3.9G | L47: Up to 1.32x higher MySQL performance with Intel Xeon 6787P vs. Intel Xeon 8592+ | M47: High memory capacity recommended for best performance; Target lower TDP, for ideal TCO result; Intel Xeon 6 with E-cores preferred if highest performance per watt is required vs. highest performance; Ideal recommendation of lower core count SKUs with good frequency | N47: P-core (Granite Rapids) | O47: Xeon 6700/6500-series (Birch Stream SP), 8-ch | P47: 8 | Q47: 2.7 | R47: 6400 | S47: 8000 | T47: =P47*R47*Assumptions!$B$10/1000 -> 409.6 | U47: =IF(ISNUMBER(S47),P47*S47*Assumptions!$B$10/1000,"N/A") -> 512 | V47: =F47*Q47*IF(N47="E-core (Sierra Forest)",Assumptions!$B$8,Assumptions!$B$4)/1000 -> 4.1472 | W47: =F47*Q47*IF(N47="E-core (Sierra Forest)",Assumptions!$B$9,Assumptions!$B$5)/1000 -> 8.2944 | X47: =IF(N47="E-core (Sierra Forest)","N/A (no AMX)",F47*Q47*Assumptions!$B$6/1000) -> 132.7104 | Y47: =IF(N47="E-core (Sierra Forest)","N/A (no AMX)",F47*Q47*Assumptions!$B$7/1000) -> 265.4208 | Z47: Peak theoretical figures, not measured. See 'Assumptions & Sources' tab for constants, formulas, and citations.
A48: Database | B48: SQL Database | C48: MySQL / relational | D48: Good | E48: 6737P | F48: 32 | G48: 270 | H48: 2.9G | I48: 4G | J48: 4G | L48: Up to 1.32x higher MySQL performance with Intel Xeon 6787P vs. Intel Xeon 8592+ | M48: High memory capacity recommended for best performance; Target lower TDP, for ideal TCO result; Intel Xeon 6 with E-cores preferred if highest performance per watt is required vs. highest performance; Ideal recommendation of lower core count SKUs with good frequency | N48: P-core (Granite Rapids) | O48: Xeon 6700/6500-series (Birch Stream SP), 8-ch | P48: 8 | Q48: 2.9 | R48: 6400 | S48: 8000 | T48: =P48*R48*Assumptions!$B$10/1000 -> 409.6 | U48: =IF(ISNUMBER(S48),P48*S48*Assumptions!$B$10/1000,"N/A") -> 512 | V48: =F48*Q48*IF(N48="E-core (Sierra Forest)",Assumptions!$B$8,Assumptions!$B$4)/1000 -> 2.9696 | W48: =F48*Q48*IF(N48="E-core (Sierra Forest)",Assumptions!$B$9,Assumptions!$B$5)/1000 -> 5.9392 | X48: =IF(N48="E-core (Sierra Forest)","N/A (no AMX)",F48*Q48*Assumptions!$B$6/1000) -> 95.0272 | Y48: =IF(N48="E-core (Sierra Forest)","N/A (no AMX)",F48*Q48*Assumptions!$B$7/1000) -> 190.0544 | Z48: Peak theoretical figures, not measured. See 'Assumptions & Sources' tab for constants, formulas, and citations.
A49: Database | B49: SQL Database | C49: MySQL / relational | D49: Good | E49: 6740E* | F49: 96 | G49: 250 | H49: 2.4G | I49: 3.2G | K49: E-core SKU | L49: Up to 1.32x higher MySQL performance with Intel Xeon 6787P vs. Intel Xeon 8592+ | M49: High memory capacity recommended for best performance; Target lower TDP, for ideal TCO result; Intel Xeon 6 with E-cores preferred if highest performance per watt is required vs. highest performance; Ideal recommendation of lower core count SKUs with good frequency | N49: E-core (Sierra Forest) | O49: Xeon 6700-series E-core (Birch Stream SP), 8-ch | P49: 8 | Q49: 2.4 | R49: 6400 | S49: N/A | T49: =P49*R49*Assumptions!$B$10/1000 -> 409.6 | U49: =IF(ISNUMBER(S49),P49*S49*Assumptions!$B$10/1000,"N/A") -> N/A | V49: =F49*Q49*IF(N49="E-core (Sierra Forest)",Assumptions!$B$8,Assumptions!$B$4)/1000 -> 3.6864 | W49: =F49*Q49*IF(N49="E-core (Sierra Forest)",Assumptions!$B$9,Assumptions!$B$5)/1000 -> 7.3728 | X49: =IF(N49="E-core (Sierra Forest)","N/A (no AMX)",F49*Q49*Assumptions!$B$6/1000) -> N/A (no AMX) | Y49: =IF(N49="E-core (Sierra Forest)","N/A (no AMX)",F49*Q49*Assumptions!$B$7/1000) -> N/A (no AMX) | Z49: Peak theoretical figures, not measured. See 'Assumptions & Sources' tab for constants, formulas, and citations.
A50: Database | B50: SQL Database | C50: MySQL / relational | D50: Better | E50: 6952P | F50: 96 | G50: 400 | H50: 2.1G | I50: 3.2G | J50: 3.9G | L50: Up to 1.32x higher MySQL performance with Intel Xeon 6787P vs. Intel Xeon 8592+ | M50: High memory capacity recommended for best performance; Target lower TDP, for ideal TCO result; Intel Xeon 6 with E-cores preferred if highest performance per watt is required vs. highest performance; Ideal recommendation of lower core count SKUs with good frequency | N50: P-core (Granite Rapids) | O50: Xeon 6900-series (Birch Stream AP), 12-ch | P50: 12 | Q50: 2.1 | R50: 6400 | S50: 8800 | T50: =P50*R50*Assumptions!$B$10/1000 -> 614.4 | U50: =IF(ISNUMBER(S50),P50*S50*Assumptions!$B$10/1000,"N/A") -> 844.8 | V50: =F50*Q50*IF(N50="E-core (Sierra Forest)",Assumptions!$B$8,Assumptions!$B$4)/1000 -> 6.4512 | W50: =F50*Q50*IF(N50="E-core (Sierra Forest)",Assumptions!$B$9,Assumptions!$B$5)/1000 -> 12.9024 | X50: =IF(N50="E-core (Sierra Forest)","N/A (no AMX)",F50*Q50*Assumptions!$B$6/1000) -> 206.4384 | Y50: =IF(N50="E-core (Sierra Forest)","N/A (no AMX)",F50*Q50*Assumptions!$B$7/1000) -> 412.8768 | Z50: Peak theoretical figures, not measured. See 'Assumptions & Sources' tab for constants, formulas, and citations.
A51: Database | B51: SQL Database | C51: MySQL / relational | D51: Better | E51: 6760P | F51: 64 | G51: 330 | H51: 2.2G | I51: 3.4G | J51: 3.9G | L51: Up to 1.32x higher MySQL performance with Intel Xeon 6787P vs. Intel Xeon 8592+ | M51: High memory capacity recommended for best performance; Target lower TDP, for ideal TCO result; Intel Xeon 6 with E-cores preferred if highest performance per watt is required vs. highest performance; Ideal recommendation of lower core count SKUs with good frequency | N51: P-core (Granite Rapids) | O51: Xeon 6700/6500-series (Birch Stream SP), 8-ch | P51: 8 | Q51: 2.2 | R51: 6400 | S51: 8000 | T51: =P51*R51*Assumptions!$B$10/1000 -> 409.6 | U51: =IF(ISNUMBER(S51),P51*S51*Assumptions!$B$10/1000,"N/A") -> 512 | V51: =F51*Q51*IF(N51="E-core (Sierra Forest)",Assumptions!$B$8,Assumptions!$B$4)/1000 -> 4.5056 | W51: =F51*Q51*IF(N51="E-core (Sierra Forest)",Assumptions!$B$9,Assumptions!$B$5)/1000 -> 9.0112 | X51: =IF(N51="E-core (Sierra Forest)","N/A (no AMX)",F51*Q51*Assumptions!$B$6/1000) -> 144.1792 | Y51: =IF(N51="E-core (Sierra Forest)","N/A (no AMX)",F51*Q51*Assumptions!$B$7/1000) -> 288.3584 | Z51: Peak theoretical figures, not measured. See 'Assumptions & Sources' tab for constants, formulas, and citations.
A52: Database | B52: SQL Database | C52: MySQL / relational | D52: Better | E52: 6756E* | F52: 128 | G52: 225 | H52: 1.8G | I52: 2.6G | K52: E-core SKU | L52: Up to 1.32x higher MySQL performance with Intel Xeon 6787P vs. Intel Xeon 8592+ | M52: High memory capacity recommended for best performance; Target lower TDP, for ideal TCO result; Intel Xeon 6 with E-cores preferred if highest performance per watt is required vs. highest performance; Ideal recommendation of lower core count SKUs with good frequency | N52: E-core (Sierra Forest) | O52: Xeon 6700-series E-core (Birch Stream SP), 8-ch | P52: 8 | Q52: 1.8 | R52: 6400 | S52: N/A | T52: =P52*R52*Assumptions!$B$10/1000 -> 409.6 | U52: =IF(ISNUMBER(S52),P52*S52*Assumptions!$B$10/1000,"N/A") -> N/A | V52: =F52*Q52*IF(N52="E-core (Sierra Forest)",Assumptions!$B$8,Assumptions!$B$4)/1000 -> 3.6864 | W52: =F52*Q52*IF(N52="E-core (Sierra Forest)",Assumptions!$B$9,Assumptions!$B$5)/1000 -> 7.3728 | X52: =IF(N52="E-core (Sierra Forest)","N/A (no AMX)",F52*Q52*Assumptions!$B$6/1000) -> N/A (no AMX) | Y52: =IF(N52="E-core (Sierra Forest)","N/A (no AMX)",F52*Q52*Assumptions!$B$7/1000) -> N/A (no AMX) | Z52: Peak theoretical figures, not measured. See 'Assumptions & Sources' tab for constants, formulas, and citations.
A53: Database | B53: SQL Database | C53: MySQL / relational | D53: Best | E53: 6980P | F53: 128 | G53: 500 | H53: 2G | I53: 3.2G | J53: 3.9G | L53: Up to 1.32x higher MySQL performance with Intel Xeon 6787P vs. Intel Xeon 8592+ | M53: High memory capacity recommended for best performance; Target lower TDP, for ideal TCO result; Intel Xeon 6 with E-cores preferred if highest performance per watt is required vs. highest performance; Ideal recommendation of lower core count SKUs with good frequency | N53: P-core (Granite Rapids) | O53: Xeon 6900-series (Birch Stream AP), 12-ch | P53: 12 | Q53: 2 | R53: 6400 | S53: 8800 | T53: =P53*R53*Assumptions!$B$10/1000 -> 614.4 | U53: =IF(ISNUMBER(S53),P53*S53*Assumptions!$B$10/1000,"N/A") -> 844.8 | V53: =F53*Q53*IF(N53="E-core (Sierra Forest)",Assumptions!$B$8,Assumptions!$B$4)/1000 -> 8.192 | W53: =F53*Q53*IF(N53="E-core (Sierra Forest)",Assumptions!$B$9,Assumptions!$B$5)/1000 -> 16.384 | X53: =IF(N53="E-core (Sierra Forest)","N/A (no AMX)",F53*Q53*Assumptions!$B$6/1000) -> 262.144 | Y53: =IF(N53="E-core (Sierra Forest)","N/A (no AMX)",F53*Q53*Assumptions!$B$7/1000) -> 524.288 | Z53: Peak theoretical figures, not measured. See 'Assumptions & Sources' tab for constants, formulas, and citations.
A54: Database | B54: SQL Database | C54: MySQL / relational | D54: Best | E54: 6787P | F54: 86 | G54: 350 | H54: 2G | I54: 3.2G | J54: 3.8G | L54: Up to 1.32x higher MySQL performance with Intel Xeon 6787P vs. Intel Xeon 8592+ | M54: High memory capacity recommended for best performance; Target lower TDP, for ideal TCO result; Intel Xeon 6 with E-cores preferred if highest performance per watt is required vs. highest performance; Ideal recommendation of lower core count SKUs with good frequency | N54: P-core (Granite Rapids) | O54: Xeon 6700/6500-series (Birch Stream SP), 8-ch | P54: 8 | Q54: 2 | R54: 6400 | S54: 8000 | T54: =P54*R54*Assumptions!$B$10/1000 -> 409.6 | U54: =IF(ISNUMBER(S54),P54*S54*Assumptions!$B$10/1000,"N/A") -> 512 | V54: =F54*Q54*IF(N54="E-core (Sierra Forest)",Assumptions!$B$8,Assumptions!$B$4)/1000 -> 5.504 | W54: =F54*Q54*IF(N54="E-core (Sierra Forest)",Assumptions!$B$9,Assumptions!$B$5)/1000 -> 11.008 | X54: =IF(N54="E-core (Sierra Forest)","N/A (no AMX)",F54*Q54*Assumptions!$B$6/1000) -> 176.128 | Y54: =IF(N54="E-core (Sierra Forest)","N/A (no AMX)",F54*Q54*Assumptions!$B$7/1000) -> 352.256 | Z54: Peak theoretical figures, not measured. See 'Assumptions & Sources' tab for constants, formulas, and citations.
A55: Database | B55: SQL Database | C55: MySQL / relational | D55: Best | E55: 6766E* | F55: 144 | G55: 250 | H55: 1.9G | I55: 2.7G | K55: E-core SKU | L55: Up to 1.32x higher MySQL performance with Intel Xeon 6787P vs. Intel Xeon 8592+ | M55: High memory capacity recommended for best performance; Target lower TDP, for ideal TCO result; Intel Xeon 6 with E-cores preferred if highest performance per watt is required vs. highest performance; Ideal recommendation of lower core count SKUs with good frequency | N55: E-core (Sierra Forest) | O55: Xeon 6700-series E-core (Birch Stream SP), 8-ch | P55: 8 | Q55: 1.9 | R55: 6400 | S55: N/A | T55: =P55*R55*Assumptions!$B$10/1000 -> 409.6 | U55: =IF(ISNUMBER(S55),P55*S55*Assumptions!$B$10/1000,"N/A") -> N/A | V55: =F55*Q55*IF(N55="E-core (Sierra Forest)",Assumptions!$B$8,Assumptions!$B$4)/1000 -> 4.3776 | W55: =F55*Q55*IF(N55="E-core (Sierra Forest)",Assumptions!$B$9,Assumptions!$B$5)/1000 -> 8.7552 | X55: =IF(N55="E-core (Sierra Forest)","N/A (no AMX)",F55*Q55*Assumptions!$B$6/1000) -> N/A (no AMX) | Y55: =IF(N55="E-core (Sierra Forest)","N/A (no AMX)",F55*Q55*Assumptions!$B$7/1000) -> N/A (no AMX) | Z55: Peak theoretical figures, not measured. See 'Assumptions & Sources' tab for constants, formulas, and citations.
A56: Database | B56: NoSQL Database | C56: MongoDB, Cassandra | D56: Good | E56: 6747P | F56: 48 | G56: 330 | H56: 2.7G | I56: 3.8G | J56: 3.9G | L56: Up to 2.05x higher MongoDB performance and 1.43x perf/watt with the new Intel Xeon 6980P (DDR5) vs. Intel Xeon 8592; Up to 1.17x higher MongoDB performance with Intel Xeon 6980P vs. AMD EPYC 9755 | M56: Target lower TDP, for ideal TCO result; Intel Xeon 6 with E-cores preferred if highest performance per watt is required vs. highest performance | N56: P-core (Granite Rapids) | O56: Xeon 6700/6500-series (Birch Stream SP), 8-ch | P56: 8 | Q56: 2.7 | R56: 6400 | S56: 8000 | T56: =P56*R56*Assumptions!$B$10/1000 -> 409.6 | U56: =IF(ISNUMBER(S56),P56*S56*Assumptions!$B$10/1000,"N/A") -> 512 | V56: =F56*Q56*IF(N56="E-core (Sierra Forest)",Assumptions!$B$8,Assumptions!$B$4)/1000 -> 4.1472 | W56: =F56*Q56*IF(N56="E-core (Sierra Forest)",Assumptions!$B$9,Assumptions!$B$5)/1000 -> 8.2944 | X56: =IF(N56="E-core (Sierra Forest)","N/A (no AMX)",F56*Q56*Assumptions!$B$6/1000) -> 132.7104 | Y56: =IF(N56="E-core (Sierra Forest)","N/A (no AMX)",F56*Q56*Assumptions!$B$7/1000) -> 265.4208 | Z56: Peak theoretical figures, not measured. See 'Assumptions & Sources' tab for constants, formulas, and citations.
A57: Database | B57: NoSQL Database | C57: MongoDB, Cassandra | D57: Good | E57: 6737P | F57: 32 | G57: 270 | H57: 2.9G | I57: 4G | J57: 4G | L57: Up to 2.05x higher MongoDB performance and 1.43x perf/watt with the new Intel Xeon 6980P (DDR5) vs. Intel Xeon 8592; Up to 1.17x higher MongoDB performance with Intel Xeon 6980P vs. AMD EPYC 9755 | M57: Target lower TDP, for ideal TCO result; Intel Xeon 6 with E-cores preferred if highest performance per watt is required vs. highest performance | N57: P-core (Granite Rapids) | O57: Xeon 6700/6500-series (Birch Stream SP), 8-ch | P57: 8 | Q57: 2.9 | R57: 6400 | S57: 8000 | T57: =P57*R57*Assumptions!$B$10/1000 -> 409.6 | U57: =IF(ISNUMBER(S57),P57*S57*Assumptions!$B$10/1000,"N/A") -> 512 | V57: =F57*Q57*IF(N57="E-core (Sierra Forest)",Assumptions!$B$8,Assumptions!$B$4)/1000 -> 2.9696 | W57: =F57*Q57*IF(N57="E-core (Sierra Forest)",Assumptions!$B$9,Assumptions!$B$5)/1000 -> 5.9392 | X57: =IF(N57="E-core (Sierra Forest)","N/A (no AMX)",F57*Q57*Assumptions!$B$6/1000) -> 95.0272 | Y57: =IF(N57="E-core (Sierra Forest)","N/A (no AMX)",F57*Q57*Assumptions!$B$7/1000) -> 190.0544 | Z57: Peak theoretical figures, not measured. See 'Assumptions & Sources' tab for constants, formulas, and citations.
A58: Database | B58: NoSQL Database | C58: MongoDB, Cassandra | D58: Good | E58: 6740E* | F58: 96 | G58: 250 | H58: 2.4G | I58: 3.2G | K58: E-core SKU | L58: Up to 2.05x higher MongoDB performance and 1.43x perf/watt with the new Intel Xeon 6980P (DDR5) vs. Intel Xeon 8592; Up to 1.17x higher MongoDB performance with Intel Xeon 6980P vs. AMD EPYC 9755 | M58: Target lower TDP, for ideal TCO result; Intel Xeon 6 with E-cores preferred if highest performance per watt is required vs. highest performance | N58: E-core (Sierra Forest) | O58: Xeon 6700-series E-core (Birch Stream SP), 8-ch | P58: 8 | Q58: 2.4 | R58: 6400 | S58: N/A | T58: =P58*R58*Assumptions!$B$10/1000 -> 409.6 | U58: =IF(ISNUMBER(S58),P58*S58*Assumptions!$B$10/1000,"N/A") -> N/A | V58: =F58*Q58*IF(N58="E-core (Sierra Forest)",Assumptions!$B$8,Assumptions!$B$4)/1000 -> 3.6864 | W58: =F58*Q58*IF(N58="E-core (Sierra Forest)",Assumptions!$B$9,Assumptions!$B$5)/1000 -> 7.3728 | X58: =IF(N58="E-core (Sierra Forest)","N/A (no AMX)",F58*Q58*Assumptions!$B$6/1000) -> N/A (no AMX) | Y58: =IF(N58="E-core (Sierra Forest)","N/A (no AMX)",F58*Q58*Assumptions!$B$7/1000) -> N/A (no AMX) | Z58: Peak theoretical figures, not measured. See 'Assumptions & Sources' tab for constants, formulas, and citations.
A59: Database | B59: NoSQL Database | C59: MongoDB, Cassandra | D59: Better | E59: 6952P | F59: 96 | G59: 400 | H59: 2.1G | I59: 3.2G | J59: 3.9G | L59: Up to 2.05x higher MongoDB performance and 1.43x perf/watt with the new Intel Xeon 6980P (DDR5) vs. Intel Xeon 8592; Up to 1.17x higher MongoDB performance with Intel Xeon 6980P vs. AMD EPYC 9755 | M59: Target lower TDP, for ideal TCO result; Intel Xeon 6 with E-cores preferred if highest performance per watt is required vs. highest performance | N59: P-core (Granite Rapids) | O59: Xeon 6900-series (Birch Stream AP), 12-ch | P59: 12 | Q59: 2.1 | R59: 6400 | S59: 8800 | T59: =P59*R59*Assumptions!$B$10/1000 -> 614.4 | U59: =IF(ISNUMBER(S59),P59*S59*Assumptions!$B$10/1000,"N/A") -> 844.8 | V59: =F59*Q59*IF(N59="E-core (Sierra Forest)",Assumptions!$B$8,Assumptions!$B$4)/1000 -> 6.4512 | W59: =F59*Q59*IF(N59="E-core (Sierra Forest)",Assumptions!$B$9,Assumptions!$B$5)/1000 -> 12.9024 | X59: =IF(N59="E-core (Sierra Forest)","N/A (no AMX)",F59*Q59*Assumptions!$B$6/1000) -> 206.4384 | Y59: =IF(N59="E-core (Sierra Forest)","N/A (no AMX)",F59*Q59*Assumptions!$B$7/1000) -> 412.8768 | Z59: Peak theoretical figures, not measured. See 'Assumptions & Sources' tab for constants, formulas, and citations.
A60: Database | B60: NoSQL Database | C60: MongoDB, Cassandra | D60: Better | E60: 6760P | F60: 64 | G60: 330 | H60: 2.2G | I60: 3.4G | J60: 3.9G | L60: Up to 2.05x higher MongoDB performance and 1.43x perf/watt with the new Intel Xeon 6980P (DDR5) vs. Intel Xeon 8592; Up to 1.17x higher MongoDB performance with Intel Xeon 6980P vs. AMD EPYC 9755 | M60: Target lower TDP, for ideal TCO result; Intel Xeon 6 with E-cores preferred if highest performance per watt is required vs. highest performance | N60: P-core (Granite Rapids) | O60: Xeon 6700/6500-series (Birch Stream SP), 8-ch | P60: 8 | Q60: 2.2 | R60: 6400 | S60: 8000 | T60: =P60*R60*Assumptions!$B$10/1000 -> 409.6 | U60: =IF(ISNUMBER(S60),P60*S60*Assumptions!$B$10/1000,"N/A") -> 512 | V60: =F60*Q60*IF(N60="E-core (Sierra Forest)",Assumptions!$B$8,Assumptions!$B$4)/1000 -> 4.5056 | W60: =F60*Q60*IF(N60="E-core (Sierra Forest)",Assumptions!$B$9,Assumptions!$B$5)/1000 -> 9.0112 | X60: =IF(N60="E-core (Sierra Forest)","N/A (no AMX)",F60*Q60*Assumptions!$B$6/1000) -> 144.1792 | Y60: =IF(N60="E-core (Sierra Forest)","N/A (no AMX)",F60*Q60*Assumptions!$B$7/1000) -> 288.3584 | Z60: Peak theoretical figures, not measured. See 'Assumptions & Sources' tab for constants, formulas, and citations.
A61: Database | B61: NoSQL Database | C61: MongoDB, Cassandra | D61: Better | E61: 6756E* | F61: 128 | G61: 225 | H61: 1.8G | I61: 2.6G | K61: E-core SKU | L61: Up to 2.05x higher MongoDB performance and 1.43x perf/watt with the new Intel Xeon 6980P (DDR5) vs. Intel Xeon 8592; Up to 1.17x higher MongoDB performance with Intel Xeon 6980P vs. AMD EPYC 9755 | M61: Target lower TDP, for ideal TCO result; Intel Xeon 6 with E-cores preferred if highest performance per watt is required vs. highest performance | N61: E-core (Sierra Forest) | O61: Xeon 6700-series E-core (Birch Stream SP), 8-ch | P61: 8 | Q61: 1.8 | R61: 6400 | S61: N/A | T61: =P61*R61*Assumptions!$B$10/1000 -> 409.6 | U61: =IF(ISNUMBER(S61),P61*S61*Assumptions!$B$10/1000,"N/A") -> N/A | V61: =F61*Q61*IF(N61="E-core (Sierra Forest)",Assumptions!$B$8,Assumptions!$B$4)/1000 -> 3.6864 | W61: =F61*Q61*IF(N61="E-core (Sierra Forest)",Assumptions!$B$9,Assumptions!$B$5)/1000 -> 7.3728 | X61: =IF(N61="E-core (Sierra Forest)","N/A (no AMX)",F61*Q61*Assumptions!$B$6/1000) -> N/A (no AMX) | Y61: =IF(N61="E-core (Sierra Forest)","N/A (no AMX)",F61*Q61*Assumptions!$B$7/1000) -> N/A (no AMX) | Z61: Peak theoretical figures, not measured. See 'Assumptions & Sources' tab for constants, formulas, and citations.
A62: Database | B62: NoSQL Database | C62: MongoDB, Cassandra | D62: Best | E62: 6980P | F62: 128 | G62: 500 | H62: 2G | I62: 3.2G | J62: 3.9G | L62: Up to 2.05x higher MongoDB performance and 1.43x perf/watt with the new Intel Xeon 6980P (DDR5) vs. Intel Xeon 8592; Up to 1.17x higher MongoDB performance with Intel Xeon 6980P vs. AMD EPYC 9755 | M62: Target lower TDP, for ideal TCO result; Intel Xeon 6 with E-cores preferred if highest performance per watt is required vs. highest performance | N62: P-core (Granite Rapids) | O62: Xeon 6900-series (Birch Stream AP), 12-ch | P62: 12 | Q62: 2 | R62: 6400 | S62: 8800 | T62: =P62*R62*Assumptions!$B$10/1000 -> 614.4 | U62: =IF(ISNUMBER(S62),P62*S62*Assumptions!$B$10/1000,"N/A") -> 844.8 | V62: =F62*Q62*IF(N62="E-core (Sierra Forest)",Assumptions!$B$8,Assumptions!$B$4)/1000 -> 8.192 | W62: =F62*Q62*IF(N62="E-core (Sierra Forest)",Assumptions!$B$9,Assumptions!$B$5)/1000 -> 16.384 | X62: =IF(N62="E-core (Sierra Forest)","N/A (no AMX)",F62*Q62*Assumptions!$B$6/1000) -> 262.144 | Y62: =IF(N62="E-core (Sierra Forest)","N/A (no AMX)",F62*Q62*Assumptions!$B$7/1000) -> 524.288 | Z62: Peak theoretical figures, not measured. See 'Assumptions & Sources' tab for constants, formulas, and citations.
A63: Database | B63: NoSQL Database | C63: MongoDB, Cassandra | D63: Best | E63: 6787P | F63: 86 | G63: 350 | H63: 2G | I63: 3.2G | J63: 3.8G | L63: Up to 2.05x higher MongoDB performance and 1.43x perf/watt with the new Intel Xeon 6980P (DDR5) vs. Intel Xeon 8592; Up to 1.17x higher MongoDB performance with Intel Xeon 6980P vs. AMD EPYC 9755 | M63: Target lower TDP, for ideal TCO result; Intel Xeon 6 with E-cores preferred if highest performance per watt is required vs. highest performance | N63: P-core (Granite Rapids) | O63: Xeon 6700/6500-series (Birch Stream SP), 8-ch | P63: 8 | Q63: 2 | R63: 6400 | S63: 8000 | T63: =P63*R63*Assumptions!$B$10/1000 -> 409.6 | U63: =IF(ISNUMBER(S63),P63*S63*Assumptions!$B$10/1000,"N/A") -> 512 | V63: =F63*Q63*IF(N63="E-core (Sierra Forest)",Assumptions!$B$8,Assumptions!$B$4)/1000 -> 5.504 | W63: =F63*Q63*IF(N63="E-core (Sierra Forest)",Assumptions!$B$9,Assumptions!$B$5)/1000 -> 11.008 | X63: =IF(N63="E-core (Sierra Forest)","N/A (no AMX)",F63*Q63*Assumptions!$B$6/1000) -> 176.128 | Y63: =IF(N63="E-core (Sierra Forest)","N/A (no AMX)",F63*Q63*Assumptions!$B$7/1000) -> 352.256 | Z63: Peak theoretical figures, not measured. See 'Assumptions & Sources' tab for constants, formulas, and citations.
A64: Database | B64: NoSQL Database | C64: MongoDB, Cassandra | D64: Best | E64: 6766E* | F64: 144 | G64: 250 | H64: 1.9G | I64: 2.7G | K64: E-core SKU | L64: Up to 2.05x higher MongoDB performance and 1.43x perf/watt with the new Intel Xeon 6980P (DDR5) vs. Intel Xeon 8592; Up to 1.17x higher MongoDB performance with Intel Xeon 6980P vs. AMD EPYC 9755 | M64: Target lower TDP, for ideal TCO result; Intel Xeon 6 with E-cores preferred if highest performance per watt is required vs. highest performance | N64: E-core (Sierra Forest) | O64: Xeon 6700-series E-core (Birch Stream SP), 8-ch | P64: 8 | Q64: 1.9 | R64: 6400 | S64: N/A | T64: =P64*R64*Assumptions!$B$10/1000 -> 409.6 | U64: =IF(ISNUMBER(S64),P64*S64*Assumptions!$B$10/1000,"N/A") -> N/A | V64: =F64*Q64*IF(N64="E-core (Sierra Forest)",Assumptions!$B$8,Assumptions!$B$4)/1000 -> 4.3776 | W64: =F64*Q64*IF(N64="E-core (Sierra Forest)",Assumptions!$B$9,Assumptions!$B$5)/1000 -> 8.7552 | X64: =IF(N64="E-core (Sierra Forest)","N/A (no AMX)",F64*Q64*Assumptions!$B$6/1000) -> N/A (no AMX) | Y64: =IF(N64="E-core (Sierra Forest)","N/A (no AMX)",F64*Q64*Assumptions!$B$7/1000) -> N/A (no AMX) | Z64: Peak theoretical figures, not measured. See 'Assumptions & Sources' tab for constants, formulas, and citations.
A65: Database | B65: Vector Database | C65: Redis / VectorDB | D65: Good | E65: 6732P | F65: 32 | G65: 350 | H65: 3.8G | I65: 4.2G | J65: 4.3G | L65: Up to 1.10x higher Redis Vector Similarity Search performance with Intel Xeon 6960P vs. AMD EPYC 9575F; Up to 2.32x higher Redis VectorDB Similarity Search performance and 1.63x perf/watt with the new Intel Xeon 6980P [MRDIMM] vs. Intel Xeon 8592+ | M65: High memory bandwidth (MRDIMMs) recommended for best performance; Target higher AMX frequency for index building; Highest core count not necessary | N65: P-core (Granite Rapids) | O65: Xeon 6700/6500-series (Birch Stream SP), 8-ch | P65: 8 | Q65: 3.8 | R65: 6400 | S65: 8000 | T65: =P65*R65*Assumptions!$B$10/1000 -> 409.6 | U65: =IF(ISNUMBER(S65),P65*S65*Assumptions!$B$10/1000,"N/A") -> 512 | V65: =F65*Q65*IF(N65="E-core (Sierra Forest)",Assumptions!$B$8,Assumptions!$B$4)/1000 -> 3.8912 | W65: =F65*Q65*IF(N65="E-core (Sierra Forest)",Assumptions!$B$9,Assumptions!$B$5)/1000 -> 7.7824 | X65: =IF(N65="E-core (Sierra Forest)","N/A (no AMX)",F65*Q65*Assumptions!$B$6/1000) -> 124.5184 | Y65: =IF(N65="E-core (Sierra Forest)","N/A (no AMX)",F65*Q65*Assumptions!$B$7/1000) -> 249.0368 | Z65: Peak theoretical figures, not measured. See 'Assumptions & Sources' tab for constants, formulas, and citations.
A66: Database | B66: Vector Database | C66: Redis / VectorDB | D66: Good | E66: 6745P | F66: 32 | G66: 300 | H66: 3.1G | I66: 4.1G | J66: 4.3G | L66: Up to 1.10x higher Redis Vector Similarity Search performance with Intel Xeon 6960P vs. AMD EPYC 9575F; Up to 2.32x higher Redis VectorDB Similarity Search performance and 1.63x perf/watt with the new Intel Xeon 6980P [MRDIMM] vs. Intel Xeon 8592+ | M66: High memory bandwidth (MRDIMMs) recommended for best performance; Target higher AMX frequency for index building; Highest core count not necessary | N66: P-core (Granite Rapids) | O66: Xeon 6700/6500-series (Birch Stream SP), 8-ch | P66: 8 | Q66: 3.1 | R66: 6400 | S66: 8000 | T66: =P66*R66*Assumptions!$B$10/1000 -> 409.6 | U66: =IF(ISNUMBER(S66),P66*S66*Assumptions!$B$10/1000,"N/A") -> 512 | V66: =F66*Q66*IF(N66="E-core (Sierra Forest)",Assumptions!$B$8,Assumptions!$B$4)/1000 -> 3.1744 | W66: =F66*Q66*IF(N66="E-core (Sierra Forest)",Assumptions!$B$9,Assumptions!$B$5)/1000 -> 6.3488 | X66: =IF(N66="E-core (Sierra Forest)","N/A (no AMX)",F66*Q66*Assumptions!$B$6/1000) -> 101.5808 | Y66: =IF(N66="E-core (Sierra Forest)","N/A (no AMX)",F66*Q66*Assumptions!$B$7/1000) -> 203.1616 | Z66: Peak theoretical figures, not measured. See 'Assumptions & Sources' tab for constants, formulas, and citations.
A67: Database | B67: Vector Database | C67: Redis / VectorDB | D67: Better | E67: 6760P | F67: 64 | G67: 330 | H67: 2.2G | I67: 3.4G | J67: 3.9G | L67: Up to 1.10x higher Redis Vector Similarity Search performance with Intel Xeon 6960P vs. AMD EPYC 9575F; Up to 2.32x higher Redis VectorDB Similarity Search performance and 1.63x perf/watt with the new Intel Xeon 6980P [MRDIMM] vs. Intel Xeon 8592+ | M67: High memory bandwidth (MRDIMMs) recommended for best performance; Target higher AMX frequency for index building; Highest core count not necessary | N67: P-core (Granite Rapids) | O67: Xeon 6700/6500-series (Birch Stream SP), 8-ch | P67: 8 | Q67: 2.2 | R67: 6400 | S67: 8000 | T67: =P67*R67*Assumptions!$B$10/1000 -> 409.6 | U67: =IF(ISNUMBER(S67),P67*S67*Assumptions!$B$10/1000,"N/A") -> 512 | V67: =F67*Q67*IF(N67="E-core (Sierra Forest)",Assumptions!$B$8,Assumptions!$B$4)/1000 -> 4.5056 | W67: =F67*Q67*IF(N67="E-core (Sierra Forest)",Assumptions!$B$9,Assumptions!$B$5)/1000 -> 9.0112 | X67: =IF(N67="E-core (Sierra Forest)","N/A (no AMX)",F67*Q67*Assumptions!$B$6/1000) -> 144.1792 | Y67: =IF(N67="E-core (Sierra Forest)","N/A (no AMX)",F67*Q67*Assumptions!$B$7/1000) -> 288.3584 | Z67: Peak theoretical figures, not measured. See 'Assumptions & Sources' tab for constants, formulas, and citations.
A68: Database | B68: Vector Database | C68: Redis / VectorDB | D68: Better | E68: 6747P | F68: 48 | G68: 330 | H68: 2.7G | I68: 3.8G | J68: 3.9G | L68: Up to 1.10x higher Redis Vector Similarity Search performance with Intel Xeon 6960P vs. AMD EPYC 9575F; Up to 2.32x higher Redis VectorDB Similarity Search performance and 1.63x perf/watt with the new Intel Xeon 6980P [MRDIMM] vs. Intel Xeon 8592+ | M68: High memory bandwidth (MRDIMMs) recommended for best performance; Target higher AMX frequency for index building; Highest core count not necessary | N68: P-core (Granite Rapids) | O68: Xeon 6700/6500-series (Birch Stream SP), 8-ch | P68: 8 | Q68: 2.7 | R68: 6400 | S68: 8000 | T68: =P68*R68*Assumptions!$B$10/1000 -> 409.6 | U68: =IF(ISNUMBER(S68),P68*S68*Assumptions!$B$10/1000,"N/A") -> 512 | V68: =F68*Q68*IF(N68="E-core (Sierra Forest)",Assumptions!$B$8,Assumptions!$B$4)/1000 -> 4.1472 | W68: =F68*Q68*IF(N68="E-core (Sierra Forest)",Assumptions!$B$9,Assumptions!$B$5)/1000 -> 8.2944 | X68: =IF(N68="E-core (Sierra Forest)","N/A (no AMX)",F68*Q68*Assumptions!$B$6/1000) -> 132.7104 | Y68: =IF(N68="E-core (Sierra Forest)","N/A (no AMX)",F68*Q68*Assumptions!$B$7/1000) -> 265.4208 | Z68: Peak theoretical figures, not measured. See 'Assumptions & Sources' tab for constants, formulas, and citations.
A69: Database | B69: Vector Database | C69: Redis / VectorDB | D69: Best | E69: 6972P | F69: 96 | G69: 500 | H69: 2.4G | I69: 3.5G | J69: 3.8G | L69: Up to 1.10x higher Redis Vector Similarity Search performance with Intel Xeon 6960P vs. AMD EPYC 9575F; Up to 2.32x higher Redis VectorDB Similarity Search performance and 1.63x perf/watt with the new Intel Xeon 6980P [MRDIMM] vs. Intel Xeon 8592+ | M69: High memory bandwidth (MRDIMMs) recommended for best performance; Target higher AMX frequency for index building; Highest core count not necessary | N69: P-core (Granite Rapids) | O69: Xeon 6900-series (Birch Stream AP), 12-ch | P69: 12 | Q69: 2.4 | R69: 6400 | S69: 8800 | T69: =P69*R69*Assumptions!$B$10/1000 -> 614.4 | U69: =IF(ISNUMBER(S69),P69*S69*Assumptions!$B$10/1000,"N/A") -> 844.8 | V69: =F69*Q69*IF(N69="E-core (Sierra Forest)",Assumptions!$B$8,Assumptions!$B$4)/1000 -> 7.3728 | W69: =F69*Q69*IF(N69="E-core (Sierra Forest)",Assumptions!$B$9,Assumptions!$B$5)/1000 -> 14.7456 | X69: =IF(N69="E-core (Sierra Forest)","N/A (no AMX)",F69*Q69*Assumptions!$B$6/1000) -> 235.9296 | Y69: =IF(N69="E-core (Sierra Forest)","N/A (no AMX)",F69*Q69*Assumptions!$B$7/1000) -> 471.8592 | Z69: Peak theoretical figures, not measured. See 'Assumptions & Sources' tab for constants, formulas, and citations.
A70: Database | B70: Vector Database | C70: Redis / VectorDB | D70: Best | E70: 6767P | F70: 64 | G70: 350 | H70: 2.6G | I70: 3.6G | J70: 3.9G | L70: Up to 1.10x higher Redis Vector Similarity Search performance with Intel Xeon 6960P vs. AMD EPYC 9575F; Up to 2.32x higher Redis VectorDB Similarity Search performance and 1.63x perf/watt with the new Intel Xeon 6980P [MRDIMM] vs. Intel Xeon 8592+ | M70: High memory bandwidth (MRDIMMs) recommended for best performance; Target higher AMX frequency for index building; Highest core count not necessary | N70: P-core (Granite Rapids) | O70: Xeon 6700/6500-series (Birch Stream SP), 8-ch | P70: 8 | Q70: 2.6 | R70: 6400 | S70: 8000 | T70: =P70*R70*Assumptions!$B$10/1000 -> 409.6 | U70: =IF(ISNUMBER(S70),P70*S70*Assumptions!$B$10/1000,"N/A") -> 512 | V70: =F70*Q70*IF(N70="E-core (Sierra Forest)",Assumptions!$B$8,Assumptions!$B$4)/1000 -> 5.3248 | W70: =F70*Q70*IF(N70="E-core (Sierra Forest)",Assumptions!$B$9,Assumptions!$B$5)/1000 -> 10.6496 | X70: =IF(N70="E-core (Sierra Forest)","N/A (no AMX)",F70*Q70*Assumptions!$B$6/1000) -> 170.3936 | Y70: =IF(N70="E-core (Sierra Forest)","N/A (no AMX)",F70*Q70*Assumptions!$B$7/1000) -> 340.7872 | Z70: Peak theoretical figures, not measured. See 'Assumptions & Sources' tab for constants, formulas, and citations.
A71: AI / GenAI Infrastructure | B71: Training of Large GenAI models | C71: GPU host CPU | D71: Good | E71: 6747P | F71: 48 | G71: 330 | H71: 2.7G | I71: 3.8G | J71: 3.9G | L71: Up to 19% higher performance (Python) with Intel Xeon 6776P vs. prior gen | M71: Large system memory capacity needed to store model; High memory bandwidth (MRDIMMs) recommended for best performance | N71: P-core (Granite Rapids) | O71: Xeon 6700/6500-series (Birch Stream SP), 8-ch | P71: 8 | Q71: 2.7 | R71: 6400 | S71: 8000 | T71: =P71*R71*Assumptions!$B$10/1000 -> 409.6 | U71: =IF(ISNUMBER(S71),P71*S71*Assumptions!$B$10/1000,"N/A") -> 512 | V71: =F71*Q71*IF(N71="E-core (Sierra Forest)",Assumptions!$B$8,Assumptions!$B$4)/1000 -> 4.1472 | W71: =F71*Q71*IF(N71="E-core (Sierra Forest)",Assumptions!$B$9,Assumptions!$B$5)/1000 -> 8.2944 | X71: =IF(N71="E-core (Sierra Forest)","N/A (no AMX)",F71*Q71*Assumptions!$B$6/1000) -> 132.7104 | Y71: =IF(N71="E-core (Sierra Forest)","N/A (no AMX)",F71*Q71*Assumptions!$B$7/1000) -> 265.4208 | Z71: Peak theoretical figures, not measured. See 'Assumptions & Sources' tab for constants, formulas, and citations.
A72: AI / GenAI Infrastructure | B72: Training of Large GenAI models | C72: GPU host CPU | D72: Good | E72: 6732P | F72: 32 | G72: 350 | H72: 3.8G | I72: 4.2G | J72: 4.3G | L72: Up to 19% higher performance (Python) with Intel Xeon 6776P vs. prior gen | M72: Large system memory capacity needed to store model; High memory bandwidth (MRDIMMs) recommended for best performance | N72: P-core (Granite Rapids) | O72: Xeon 6700/6500-series (Birch Stream SP), 8-ch | P72: 8 | Q72: 3.8 | R72: 6400 | S72: 8000 | T72: =P72*R72*Assumptions!$B$10/1000 -> 409.6 | U72: =IF(ISNUMBER(S72),P72*S72*Assumptions!$B$10/1000,"N/A") -> 512 | V72: =F72*Q72*IF(N72="E-core (Sierra Forest)",Assumptions!$B$8,Assumptions!$B$4)/1000 -> 3.8912 | W72: =F72*Q72*IF(N72="E-core (Sierra Forest)",Assumptions!$B$9,Assumptions!$B$5)/1000 -> 7.7824 | X72: =IF(N72="E-core (Sierra Forest)","N/A (no AMX)",F72*Q72*Assumptions!$B$6/1000) -> 124.5184 | Y72: =IF(N72="E-core (Sierra Forest)","N/A (no AMX)",F72*Q72*Assumptions!$B$7/1000) -> 249.0368 | Z72: Peak theoretical figures, not measured. See 'Assumptions & Sources' tab for constants, formulas, and citations.
A73: AI / GenAI Infrastructure | B73: Training of Large GenAI models | C73: GPU host CPU | D73: Better | E73: 6960P | F73: 72 | G73: 500 | H73: 2.7G | I73: 3.8G | J73: 3.9G | L73: Up to 19% higher performance (Python) with Intel Xeon 6776P vs. prior gen | M73: Large system memory capacity needed to store model; High memory bandwidth (MRDIMMs) recommended for best performance | N73: P-core (Granite Rapids) | O73: Xeon 6900-series (Birch Stream AP), 12-ch | P73: 12 | Q73: 2.7 | R73: 6400 | S73: 8800 | T73: =P73*R73*Assumptions!$B$10/1000 -> 614.4 | U73: =IF(ISNUMBER(S73),P73*S73*Assumptions!$B$10/1000,"N/A") -> 844.8 | V73: =F73*Q73*IF(N73="E-core (Sierra Forest)",Assumptions!$B$8,Assumptions!$B$4)/1000 -> 6.2208 | W73: =F73*Q73*IF(N73="E-core (Sierra Forest)",Assumptions!$B$9,Assumptions!$B$5)/1000 -> 12.4416 | X73: =IF(N73="E-core (Sierra Forest)","N/A (no AMX)",F73*Q73*Assumptions!$B$6/1000) -> 199.0656 | Y73: =IF(N73="E-core (Sierra Forest)","N/A (no AMX)",F73*Q73*Assumptions!$B$7/1000) -> 398.1312 | Z73: Peak theoretical figures, not measured. See 'Assumptions & Sources' tab for constants, formulas, and citations.
A74: AI / GenAI Infrastructure | B74: Training of Large GenAI models | C74: GPU host CPU | D74: Better | E74: 6767P | F74: 64 | G74: 350 | H74: 2.4G | I74: 3.6G | J74: 3.9G | L74: Up to 19% higher performance (Python) with Intel Xeon 6776P vs. prior gen | M74: Large system memory capacity needed to store model; High memory bandwidth (MRDIMMs) recommended for best performance | N74: P-core (Granite Rapids) | O74: Xeon 6700/6500-series (Birch Stream SP), 8-ch | P74: 8 | Q74: 2.4 | R74: 6400 | S74: 8000 | T74: =P74*R74*Assumptions!$B$10/1000 -> 409.6 | U74: =IF(ISNUMBER(S74),P74*S74*Assumptions!$B$10/1000,"N/A") -> 512 | V74: =F74*Q74*IF(N74="E-core (Sierra Forest)",Assumptions!$B$8,Assumptions!$B$4)/1000 -> 4.9152 | W74: =F74*Q74*IF(N74="E-core (Sierra Forest)",Assumptions!$B$9,Assumptions!$B$5)/1000 -> 9.8304 | X74: =IF(N74="E-core (Sierra Forest)","N/A (no AMX)",F74*Q74*Assumptions!$B$6/1000) -> 157.2864 | Y74: =IF(N74="E-core (Sierra Forest)","N/A (no AMX)",F74*Q74*Assumptions!$B$7/1000) -> 314.5728 | Z74: Peak theoretical figures, not measured. See 'Assumptions & Sources' tab for constants, formulas, and citations.
A75: AI / GenAI Infrastructure | B75: Training of Large GenAI models | C75: GPU host CPU | D75: Best | E75: 6962P* | F75: 72 | G75: 500 | H75: 2.7G | I75: 3.9G | J75: 4.4G | L75: Up to 19% higher performance (Python) with Intel Xeon 6776P vs. prior gen | M75: Large system memory capacity needed to store model; High memory bandwidth (MRDIMMs) recommended for best performance | N75: P-core (Granite Rapids) | O75: Xeon 6900-series (Birch Stream AP), 12-ch | P75: 12 | Q75: 2.7 | R75: 6400 | S75: 8800 | T75: =P75*R75*Assumptions!$B$10/1000 -> 614.4 | U75: =IF(ISNUMBER(S75),P75*S75*Assumptions!$B$10/1000,"N/A") -> 844.8 | V75: =F75*Q75*IF(N75="E-core (Sierra Forest)",Assumptions!$B$8,Assumptions!$B$4)/1000 -> 6.2208 | W75: =F75*Q75*IF(N75="E-core (Sierra Forest)",Assumptions!$B$9,Assumptions!$B$5)/1000 -> 12.4416 | X75: =IF(N75="E-core (Sierra Forest)","N/A (no AMX)",F75*Q75*Assumptions!$B$6/1000) -> 199.0656 | Y75: =IF(N75="E-core (Sierra Forest)","N/A (no AMX)",F75*Q75*Assumptions!$B$7/1000) -> 398.1312 | Z75: Peak theoretical figures, not measured. See 'Assumptions & Sources' tab for constants, formulas, and citations.
A76: AI / GenAI Infrastructure | B76: Training of Large GenAI models | C76: GPU host CPU | D76: Best | E76: 6776P* | F76: 64 | G76: 350 | H76: 2.3G | I76: 3.6G | J76: 3.9G | K76: 4.6G max | L76: Up to 19% higher performance (Python) with Intel Xeon 6776P vs. prior gen | M76: Large system memory capacity needed to store model; High memory bandwidth (MRDIMMs) recommended for best performance | N76: P-core (Granite Rapids) | O76: Xeon 6700/6500-series (Birch Stream SP), 8-ch | P76: 8 | Q76: 2.3 | R76: 6400 | S76: 8000 | T76: =P76*R76*Assumptions!$B$10/1000 -> 409.6 | U76: =IF(ISNUMBER(S76),P76*S76*Assumptions!$B$10/1000,"N/A") -> 512 | V76: =F76*Q76*IF(N76="E-core (Sierra Forest)",Assumptions!$B$8,Assumptions!$B$4)/1000 -> 4.7104 | W76: =F76*Q76*IF(N76="E-core (Sierra Forest)",Assumptions!$B$9,Assumptions!$B$5)/1000 -> 9.4208 | X76: =IF(N76="E-core (Sierra Forest)","N/A (no AMX)",F76*Q76*Assumptions!$B$6/1000) -> 150.7328 | Y76: =IF(N76="E-core (Sierra Forest)","N/A (no AMX)",F76*Q76*Assumptions!$B$7/1000) -> 301.4656 | Z76: Peak theoretical figures, not measured. See 'Assumptions & Sources' tab for constants, formulas, and citations.
A77: AI / GenAI Infrastructure | B77: Inference of Large GenAI models | C77: GPU host CPU | D77: Good | E77: 6747P | F77: 48 | G77: 330 | H77: 2.7G | I77: 3.8G | J77: 3.9G | L77: Up to 19% higher performance (Python) with Intel Xeon 6776P vs. prior gen; Up to 6% better performance/$ with Intel Xeon 6776P vs. AMD 9575F on Llama-3.1, 70B model** | M77: High system memory bandwidth to quickly move large data of text/embeddings/images from many concurrent users from memory to CPU | N77: P-core (Granite Rapids) | O77: Xeon 6700/6500-series (Birch Stream SP), 8-ch | P77: 8 | Q77: 2.7 | R77: 6400 | S77: 8000 | T77: =P77*R77*Assumptions!$B$10/1000 -> 409.6 | U77: =IF(ISNUMBER(S77),P77*S77*Assumptions!$B$10/1000,"N/A") -> 512 | V77: =F77*Q77*IF(N77="E-core (Sierra Forest)",Assumptions!$B$8,Assumptions!$B$4)/1000 -> 4.1472 | W77: =F77*Q77*IF(N77="E-core (Sierra Forest)",Assumptions!$B$9,Assumptions!$B$5)/1000 -> 8.2944 | X77: =IF(N77="E-core (Sierra Forest)","N/A (no AMX)",F77*Q77*Assumptions!$B$6/1000) -> 132.7104 | Y77: =IF(N77="E-core (Sierra Forest)","N/A (no AMX)",F77*Q77*Assumptions!$B$7/1000) -> 265.4208 | Z77: Peak theoretical figures, not measured. See 'Assumptions & Sources' tab for constants, formulas, and citations.
A78: AI / GenAI Infrastructure | B78: Inference of Large GenAI models | C78: GPU host CPU | D78: Good | E78: 6732P | F78: 32 | G78: 350 | H78: 3.8G | I78: 4.2G | J78: 4.3G | L78: Up to 19% higher performance (Python) with Intel Xeon 6776P vs. prior gen; Up to 6% better performance/$ with Intel Xeon 6776P vs. AMD 9575F on Llama-3.1, 70B model** | M78: High system memory bandwidth to quickly move large data of text/embeddings/images from many concurrent users from memory to CPU | N78: P-core (Granite Rapids) | O78: Xeon 6700/6500-series (Birch Stream SP), 8-ch | P78: 8 | Q78: 3.8 | R78: 6400 | S78: 8000 | T78: =P78*R78*Assumptions!$B$10/1000 -> 409.6 | U78: =IF(ISNUMBER(S78),P78*S78*Assumptions!$B$10/1000,"N/A") -> 512 | V78: =F78*Q78*IF(N78="E-core (Sierra Forest)",Assumptions!$B$8,Assumptions!$B$4)/1000 -> 3.8912 | W78: =F78*Q78*IF(N78="E-core (Sierra Forest)",Assumptions!$B$9,Assumptions!$B$5)/1000 -> 7.7824 | X78: =IF(N78="E-core (Sierra Forest)","N/A (no AMX)",F78*Q78*Assumptions!$B$6/1000) -> 124.5184 | Y78: =IF(N78="E-core (Sierra Forest)","N/A (no AMX)",F78*Q78*Assumptions!$B$7/1000) -> 249.0368 | Z78: Peak theoretical figures, not measured. See 'Assumptions & Sources' tab for constants, formulas, and citations.
A79: AI / GenAI Infrastructure | B79: Inference of Large GenAI models | C79: GPU host CPU | D79: Better | E79: 6960P | F79: 72 | G79: 500 | H79: 2.7G | I79: 3.8G | J79: 3.9G | L79: Up to 19% higher performance (Python) with Intel Xeon 6776P vs. prior gen; Up to 6% better performance/$ with Intel Xeon 6776P vs. AMD 9575F on Llama-3.1, 70B model** | M79: High system memory bandwidth to quickly move large data of text/embeddings/images from many concurrent users from memory to CPU | N79: P-core (Granite Rapids) | O79: Xeon 6900-series (Birch Stream AP), 12-ch | P79: 12 | Q79: 2.7 | R79: 6400 | S79: 8800 | T79: =P79*R79*Assumptions!$B$10/1000 -> 614.4 | U79: =IF(ISNUMBER(S79),P79*S79*Assumptions!$B$10/1000,"N/A") -> 844.8 | V79: =F79*Q79*IF(N79="E-core (Sierra Forest)",Assumptions!$B$8,Assumptions!$B$4)/1000 -> 6.2208 | W79: =F79*Q79*IF(N79="E-core (Sierra Forest)",Assumptions!$B$9,Assumptions!$B$5)/1000 -> 12.4416 | X79: =IF(N79="E-core (Sierra Forest)","N/A (no AMX)",F79*Q79*Assumptions!$B$6/1000) -> 199.0656 | Y79: =IF(N79="E-core (Sierra Forest)","N/A (no AMX)",F79*Q79*Assumptions!$B$7/1000) -> 398.1312 | Z79: Peak theoretical figures, not measured. See 'Assumptions & Sources' tab for constants, formulas, and citations.
A80: AI / GenAI Infrastructure | B80: Inference of Large GenAI models | C80: GPU host CPU | D80: Better | E80: 6767P | F80: 64 | G80: 350 | H80: 2.4G | I80: 3.6G | J80: 3.9G | L80: Up to 19% higher performance (Python) with Intel Xeon 6776P vs. prior gen; Up to 6% better performance/$ with Intel Xeon 6776P vs. AMD 9575F on Llama-3.1, 70B model** | M80: High system memory bandwidth to quickly move large data of text/embeddings/images from many concurrent users from memory to CPU | N80: P-core (Granite Rapids) | O80: Xeon 6700/6500-series (Birch Stream SP), 8-ch | P80: 8 | Q80: 2.4 | R80: 6400 | S80: 8000 | T80: =P80*R80*Assumptions!$B$10/1000 -> 409.6 | U80: =IF(ISNUMBER(S80),P80*S80*Assumptions!$B$10/1000,"N/A") -> 512 | V80: =F80*Q80*IF(N80="E-core (Sierra Forest)",Assumptions!$B$8,Assumptions!$B$4)/1000 -> 4.9152 | W80: =F80*Q80*IF(N80="E-core (Sierra Forest)",Assumptions!$B$9,Assumptions!$B$5)/1000 -> 9.8304 | X80: =IF(N80="E-core (Sierra Forest)","N/A (no AMX)",F80*Q80*Assumptions!$B$6/1000) -> 157.2864 | Y80: =IF(N80="E-core (Sierra Forest)","N/A (no AMX)",F80*Q80*Assumptions!$B$7/1000) -> 314.5728 | Z80: Peak theoretical figures, not measured. See 'Assumptions & Sources' tab for constants, formulas, and citations.
A81: AI / GenAI Infrastructure | B81: Inference of Large GenAI models | C81: GPU host CPU | D81: Best | E81: 6962P* | F81: 72 | G81: 500 | H81: 2.7G | I81: 3.9G | J81: 4.4G | L81: Up to 19% higher performance (Python) with Intel Xeon 6776P vs. prior gen; Up to 6% better performance/$ with Intel Xeon 6776P vs. AMD 9575F on Llama-3.1, 70B model** | M81: High system memory bandwidth to quickly move large data of text/embeddings/images from many concurrent users from memory to CPU | N81: P-core (Granite Rapids) | O81: Xeon 6900-series (Birch Stream AP), 12-ch | P81: 12 | Q81: 2.7 | R81: 6400 | S81: 8800 | T81: =P81*R81*Assumptions!$B$10/1000 -> 614.4 | U81: =IF(ISNUMBER(S81),P81*S81*Assumptions!$B$10/1000,"N/A") -> 844.8 | V81: =F81*Q81*IF(N81="E-core (Sierra Forest)",Assumptions!$B$8,Assumptions!$B$4)/1000 -> 6.2208 | W81: =F81*Q81*IF(N81="E-core (Sierra Forest)",Assumptions!$B$9,Assumptions!$B$5)/1000 -> 12.4416 | X81: =IF(N81="E-core (Sierra Forest)","N/A (no AMX)",F81*Q81*Assumptions!$B$6/1000) -> 199.0656 | Y81: =IF(N81="E-core (Sierra Forest)","N/A (no AMX)",F81*Q81*Assumptions!$B$7/1000) -> 398.1312 | Z81: Peak theoretical figures, not measured. See 'Assumptions & Sources' tab for constants, formulas, and citations.
A82: AI / GenAI Infrastructure | B82: Inference of Large GenAI models | C82: GPU host CPU | D82: Best | E82: 6776P* | F82: 64 | G82: 350 | H82: 2.3G | I82: 3.6G | J82: 3.9G | K82: 4.6G max | L82: Up to 19% higher performance (Python) with Intel Xeon 6776P vs. prior gen; Up to 6% better performance/$ with Intel Xeon 6776P vs. AMD 9575F on Llama-3.1, 70B model** | M82: High system memory bandwidth to quickly move large data of text/embeddings/images from many concurrent users from memory to CPU | N82: P-core (Granite Rapids) | O82: Xeon 6700/6500-series (Birch Stream SP), 8-ch | P82: 8 | Q82: 2.3 | R82: 6400 | S82: 8000 | T82: =P82*R82*Assumptions!$B$10/1000 -> 409.6 | U82: =IF(ISNUMBER(S82),P82*S82*Assumptions!$B$10/1000,"N/A") -> 512 | V82: =F82*Q82*IF(N82="E-core (Sierra Forest)",Assumptions!$B$8,Assumptions!$B$4)/1000 -> 4.7104 | W82: =F82*Q82*IF(N82="E-core (Sierra Forest)",Assumptions!$B$9,Assumptions!$B$5)/1000 -> 9.4208 | X82: =IF(N82="E-core (Sierra Forest)","N/A (no AMX)",F82*Q82*Assumptions!$B$6/1000) -> 150.7328 | Y82: =IF(N82="E-core (Sierra Forest)","N/A (no AMX)",F82*Q82*Assumptions!$B$7/1000) -> 301.4656 | Z82: Peak theoretical figures, not measured. See 'Assumptions & Sources' tab for constants, formulas, and citations.
A83: AI / GenAI Infrastructure | B83: Vector Search & Indexing | D83: Good | E83: 6747P | F83: 48 | G83: 330 | H83: 2.7G | I83: 3.6G | J83: 3.9G | L83: Up to 2.6x higher Similarity Search performance with the Intel Xeon 6779 vs. AMD 9575F; Up to 1.7x faster Inverted File Index construction with the Intel Xeon 6776P vs. AMD 9575F on Wiki-45M database using Intel SVS technology | M83: High core counts necessary for CPU tasks; Intel AMX highly utilized for indexing; High memory bandwidth (MRDIMMs) recommended for best performance; Secondary workload when as a host | N83: P-core (Granite Rapids) | O83: Xeon 6700/6500-series (Birch Stream SP), 8-ch | P83: 8 | Q83: 2.7 | R83: 6400 | S83: 8000 | T83: =P83*R83*Assumptions!$B$10/1000 -> 409.6 | U83: =IF(ISNUMBER(S83),P83*S83*Assumptions!$B$10/1000,"N/A") -> 512 | V83: =F83*Q83*IF(N83="E-core (Sierra Forest)",Assumptions!$B$8,Assumptions!$B$4)/1000 -> 4.1472 | W83: =F83*Q83*IF(N83="E-core (Sierra Forest)",Assumptions!$B$9,Assumptions!$B$5)/1000 -> 8.2944 | X83: =IF(N83="E-core (Sierra Forest)","N/A (no AMX)",F83*Q83*Assumptions!$B$6/1000) -> 132.7104 | Y83: =IF(N83="E-core (Sierra Forest)","N/A (no AMX)",F83*Q83*Assumptions!$B$7/1000) -> 265.4208 | Z83: Peak theoretical figures, not measured. See 'Assumptions & Sources' tab for constants, formulas, and citations.
A84: AI / GenAI Infrastructure | B84: Vector Search & Indexing | D84: Better | E84: 6962P* | F84: 72 | G84: 500 | H84: 2.7G | I84: 3.6G | J84: 3.9G | K84: 4.4G max | L84: Up to 2.6x higher Similarity Search performance with the Intel Xeon 6779 vs. AMD 9575F; Up to 1.7x faster Inverted File Index construction with the Intel Xeon 6776P vs. AMD 9575F on Wiki-45M database using Intel SVS technology | M84: High core counts necessary for CPU tasks; Intel AMX highly utilized for indexing; High memory bandwidth (MRDIMMs) recommended for best performance; Secondary workload when as a host | N84: P-core (Granite Rapids) | O84: Xeon 6900-series (Birch Stream AP), 12-ch | P84: 12 | Q84: 2.7 | R84: 6400 | S84: 8800 | T84: =P84*R84*Assumptions!$B$10/1000 -> 614.4 | U84: =IF(ISNUMBER(S84),P84*S84*Assumptions!$B$10/1000,"N/A") -> 844.8 | V84: =F84*Q84*IF(N84="E-core (Sierra Forest)",Assumptions!$B$8,Assumptions!$B$4)/1000 -> 6.2208 | W84: =F84*Q84*IF(N84="E-core (Sierra Forest)",Assumptions!$B$9,Assumptions!$B$5)/1000 -> 12.4416 | X84: =IF(N84="E-core (Sierra Forest)","N/A (no AMX)",F84*Q84*Assumptions!$B$6/1000) -> 199.0656 | Y84: =IF(N84="E-core (Sierra Forest)","N/A (no AMX)",F84*Q84*Assumptions!$B$7/1000) -> 398.1312 | Z84: Peak theoretical figures, not measured. See 'Assumptions & Sources' tab for constants, formulas, and citations.
A85: AI / GenAI Infrastructure | B85: Vector Search & Indexing | D85: Better | E85: 6776P* | F85: 64 | G85: 350 | H85: 2.3G | I85: 3.6G | J85: 3.9G | K85: 4.6G max | L85: Up to 2.6x higher Similarity Search performance with the Intel Xeon 6779 vs. AMD 9575F; Up to 1.7x faster Inverted File Index construction with the Intel Xeon 6776P vs. AMD 9575F on Wiki-45M database using Intel SVS technology | M85: High core counts necessary for CPU tasks; Intel AMX highly utilized for indexing; High memory bandwidth (MRDIMMs) recommended for best performance; Secondary workload when as a host | N85: P-core (Granite Rapids) | O85: Xeon 6700/6500-series (Birch Stream SP), 8-ch | P85: 8 | Q85: 2.3 | R85: 6400 | S85: 8000 | T85: =P85*R85*Assumptions!$B$10/1000 -> 409.6 | U85: =IF(ISNUMBER(S85),P85*S85*Assumptions!$B$10/1000,"N/A") -> 512 | V85: =F85*Q85*IF(N85="E-core (Sierra Forest)",Assumptions!$B$8,Assumptions!$B$4)/1000 -> 4.7104 | W85: =F85*Q85*IF(N85="E-core (Sierra Forest)",Assumptions!$B$9,Assumptions!$B$5)/1000 -> 9.4208 | X85: =IF(N85="E-core (Sierra Forest)","N/A (no AMX)",F85*Q85*Assumptions!$B$6/1000) -> 150.7328 | Y85: =IF(N85="E-core (Sierra Forest)","N/A (no AMX)",F85*Q85*Assumptions!$B$7/1000) -> 301.4656 | Z85: Peak theoretical figures, not measured. See 'Assumptions & Sources' tab for constants, formulas, and citations.
A86: AI / GenAI Infrastructure | B86: Vector Search & Indexing | D86: Best | E86: 6787P | F86: 86 | G86: 350 | H86: 2G | I86: 3.2G | J86: 3.8G | L86: Up to 2.6x higher Similarity Search performance with the Intel Xeon 6779 vs. AMD 9575F; Up to 1.7x faster Inverted File Index construction with the Intel Xeon 6776P vs. AMD 9575F on Wiki-45M database using Intel SVS technology | M86: High core counts necessary for CPU tasks; Intel AMX highly utilized for indexing; High memory bandwidth (MRDIMMs) recommended for best performance; Secondary workload when as a host | N86: P-core (Granite Rapids) | O86: Xeon 6700/6500-series (Birch Stream SP), 8-ch | P86: 8 | Q86: 2 | R86: 6400 | S86: 8000 | T86: =P86*R86*Assumptions!$B$10/1000 -> 409.6 | U86: =IF(ISNUMBER(S86),P86*S86*Assumptions!$B$10/1000,"N/A") -> 512 | V86: =F86*Q86*IF(N86="E-core (Sierra Forest)",Assumptions!$B$8,Assumptions!$B$4)/1000 -> 5.504 | W86: =F86*Q86*IF(N86="E-core (Sierra Forest)",Assumptions!$B$9,Assumptions!$B$5)/1000 -> 11.008 | X86: =IF(N86="E-core (Sierra Forest)","N/A (no AMX)",F86*Q86*Assumptions!$B$6/1000) -> 176.128 | Y86: =IF(N86="E-core (Sierra Forest)","N/A (no AMX)",F86*Q86*Assumptions!$B$7/1000) -> 352.256 | Z86: Peak theoretical figures, not measured. See 'Assumptions & Sources' tab for constants, formulas, and citations.
A87: Database (Enterprise) | B87: MS SQL Database | D87: Good | E87: 6725P | F87: 16 | G87: 235 | H87: 3.7G | I87: 3.9G | J87: 4.8G | L87: Up to 18% higher performance with Intel Xeon 6767P compared to prior generation for MySQL (Hammer DB) | M87: Optimize license costs with right-sized core counts; Target SKUs 64 cores and below to match license requirements; Leverage built-in features that optimize data processing and compression; Focus on Max Core Turbo; Support for DDR5 MRDIMMs with 6767P & 6747P | N87: P-core (Granite Rapids) | O87: Xeon 6700/6500-series (Birch Stream SP), 8-ch | P87: 8 | Q87: 3.7 | R87: 6400 | S87: 8000 | T87: =P87*R87*Assumptions!$B$10/1000 -> 409.6 | U87: =IF(ISNUMBER(S87),P87*S87*Assumptions!$B$10/1000,"N/A") -> 512 | V87: =F87*Q87*IF(N87="E-core (Sierra Forest)",Assumptions!$B$8,Assumptions!$B$4)/1000 -> 1.8944 | W87: =F87*Q87*IF(N87="E-core (Sierra Forest)",Assumptions!$B$9,Assumptions!$B$5)/1000 -> 3.7888 | X87: =IF(N87="E-core (Sierra Forest)","N/A (no AMX)",F87*Q87*Assumptions!$B$6/1000) -> 60.6208 | Y87: =IF(N87="E-core (Sierra Forest)","N/A (no AMX)",F87*Q87*Assumptions!$B$7/1000) -> 121.2416 | Z87: Peak theoretical figures, not measured. See 'Assumptions & Sources' tab for constants, formulas, and citations.
A88: Database (Enterprise) | B88: MS SQL Database | D88: Good | E88: 6517P | F88: 16 | G88: 190 | H88: 3.2G | I88: 4.0G | J88: 4.2G | L88: Up to 18% higher performance with Intel Xeon 6767P compared to prior generation for MySQL (Hammer DB) | M88: Optimize license costs with right-sized core counts; Target SKUs 64 cores and below to match license requirements; Leverage built-in features that optimize data processing and compression; Focus on Max Core Turbo; Support for DDR5 MRDIMMs with 6767P & 6747P | N88: P-core (Granite Rapids) | O88: Xeon 6700/6500-series (Birch Stream SP), 8-ch | P88: 8 | Q88: 3.2 | R88: 6400 | S88: 8000 | T88: =P88*R88*Assumptions!$B$10/1000 -> 409.6 | U88: =IF(ISNUMBER(S88),P88*S88*Assumptions!$B$10/1000,"N/A") -> 512 | V88: =F88*Q88*IF(N88="E-core (Sierra Forest)",Assumptions!$B$8,Assumptions!$B$4)/1000 -> 1.6384 | W88: =F88*Q88*IF(N88="E-core (Sierra Forest)",Assumptions!$B$9,Assumptions!$B$5)/1000 -> 3.2768 | X88: =IF(N88="E-core (Sierra Forest)","N/A (no AMX)",F88*Q88*Assumptions!$B$6/1000) -> 52.4288 | Y88: =IF(N88="E-core (Sierra Forest)","N/A (no AMX)",F88*Q88*Assumptions!$B$7/1000) -> 104.8576 | Z88: Peak theoretical figures, not measured. See 'Assumptions & Sources' tab for constants, formulas, and citations.
A89: Database (Enterprise) | B89: MS SQL Database | D89: Better | E89: 6732P | F89: 32 | G89: 350 | H89: 3.8G | I89: 4.2G | J89: 4.3G | L89: Up to 18% higher performance with Intel Xeon 6767P compared to prior generation for MySQL (Hammer DB) | M89: Optimize license costs with right-sized core counts; Target SKUs 64 cores and below to match license requirements; Leverage built-in features that optimize data processing and compression; Focus on Max Core Turbo; Support for DDR5 MRDIMMs with 6767P & 6747P | N89: P-core (Granite Rapids) | O89: Xeon 6700/6500-series (Birch Stream SP), 8-ch | P89: 8 | Q89: 3.8 | R89: 6400 | S89: 8000 | T89: =P89*R89*Assumptions!$B$10/1000 -> 409.6 | U89: =IF(ISNUMBER(S89),P89*S89*Assumptions!$B$10/1000,"N/A") -> 512 | V89: =F89*Q89*IF(N89="E-core (Sierra Forest)",Assumptions!$B$8,Assumptions!$B$4)/1000 -> 3.8912 | W89: =F89*Q89*IF(N89="E-core (Sierra Forest)",Assumptions!$B$9,Assumptions!$B$5)/1000 -> 7.7824 | X89: =IF(N89="E-core (Sierra Forest)","N/A (no AMX)",F89*Q89*Assumptions!$B$6/1000) -> 124.5184 | Y89: =IF(N89="E-core (Sierra Forest)","N/A (no AMX)",F89*Q89*Assumptions!$B$7/1000) -> 249.0368 | Z89: Peak theoretical figures, not measured. See 'Assumptions & Sources' tab for constants, formulas, and citations.
A90: Database (Enterprise) | B90: MS SQL Database | D90: Better | E90: 6747P | F90: 48 | G90: 330 | H90: 2.7G | I90: 3.8G | J90: 3.9G | L90: Up to 18% higher performance with Intel Xeon 6767P compared to prior generation for MySQL (Hammer DB) | M90: Optimize license costs with right-sized core counts; Target SKUs 64 cores and below to match license requirements; Leverage built-in features that optimize data processing and compression; Focus on Max Core Turbo; Support for DDR5 MRDIMMs with 6767P & 6747P | N90: P-core (Granite Rapids) | O90: Xeon 6700/6500-series (Birch Stream SP), 8-ch | P90: 8 | Q90: 2.7 | R90: 6400 | S90: 8000 | T90: =P90*R90*Assumptions!$B$10/1000 -> 409.6 | U90: =IF(ISNUMBER(S90),P90*S90*Assumptions!$B$10/1000,"N/A") -> 512 | V90: =F90*Q90*IF(N90="E-core (Sierra Forest)",Assumptions!$B$8,Assumptions!$B$4)/1000 -> 4.1472 | W90: =F90*Q90*IF(N90="E-core (Sierra Forest)",Assumptions!$B$9,Assumptions!$B$5)/1000 -> 8.2944 | X90: =IF(N90="E-core (Sierra Forest)","N/A (no AMX)",F90*Q90*Assumptions!$B$6/1000) -> 132.7104 | Y90: =IF(N90="E-core (Sierra Forest)","N/A (no AMX)",F90*Q90*Assumptions!$B$7/1000) -> 265.4208 | Z90: Peak theoretical figures, not measured. See 'Assumptions & Sources' tab for constants, formulas, and citations.
A91: Database (Enterprise) | B91: MS SQL Database | D91: Best | E91: 6767P | F91: 64 | G91: 350 | H91: 2.4G | I91: 3.6G | J91: 3.9G | L91: Up to 18% higher performance with Intel Xeon 6767P compared to prior generation for MySQL (Hammer DB) | M91: Optimize license costs with right-sized core counts; Target SKUs 64 cores and below to match license requirements; Leverage built-in features that optimize data processing and compression; Focus on Max Core Turbo; Support for DDR5 MRDIMMs with 6767P & 6747P | N91: P-core (Granite Rapids) | O91: Xeon 6700/6500-series (Birch Stream SP), 8-ch | P91: 8 | Q91: 2.4 | R91: 6400 | S91: 8000 | T91: =P91*R91*Assumptions!$B$10/1000 -> 409.6 | U91: =IF(ISNUMBER(S91),P91*S91*Assumptions!$B$10/1000,"N/A") -> 512 | V91: =F91*Q91*IF(N91="E-core (Sierra Forest)",Assumptions!$B$8,Assumptions!$B$4)/1000 -> 4.9152 | W91: =F91*Q91*IF(N91="E-core (Sierra Forest)",Assumptions!$B$9,Assumptions!$B$5)/1000 -> 9.8304 | X91: =IF(N91="E-core (Sierra Forest)","N/A (no AMX)",F91*Q91*Assumptions!$B$6/1000) -> 157.2864 | Y91: =IF(N91="E-core (Sierra Forest)","N/A (no AMX)",F91*Q91*Assumptions!$B$7/1000) -> 314.5728 | Z91: Peak theoretical figures, not measured. See 'Assumptions & Sources' tab for constants, formulas, and citations.
A92: Database (Enterprise) | B92: Oracle Database | D92: Good | E92: 6725P | F92: 16 | G92: 235 | H92: 3.7G | I92: 3.9G | J92: 4.8G | L92: Up to 15% higher performance with Intel Xeon 6747P compared to prior generation | M92: Optimize license costs with right-sized core counts; Target SKUs 64 cores and below to match license requirements; Leverage built-in features that optimize data processing and compression; Focus on Max Core Turbo; Support for DDR5 MRDIMMs with 6767P & 6747P | N92: P-core (Granite Rapids) | O92: Xeon 6700/6500-series (Birch Stream SP), 8-ch | P92: 8 | Q92: 3.7 | R92: 6400 | S92: 8000 | T92: =P92*R92*Assumptions!$B$10/1000 -> 409.6 | U92: =IF(ISNUMBER(S92),P92*S92*Assumptions!$B$10/1000,"N/A") -> 512 | V92: =F92*Q92*IF(N92="E-core (Sierra Forest)",Assumptions!$B$8,Assumptions!$B$4)/1000 -> 1.8944 | W92: =F92*Q92*IF(N92="E-core (Sierra Forest)",Assumptions!$B$9,Assumptions!$B$5)/1000 -> 3.7888 | X92: =IF(N92="E-core (Sierra Forest)","N/A (no AMX)",F92*Q92*Assumptions!$B$6/1000) -> 60.6208 | Y92: =IF(N92="E-core (Sierra Forest)","N/A (no AMX)",F92*Q92*Assumptions!$B$7/1000) -> 121.2416 | Z92: Peak theoretical figures, not measured. See 'Assumptions & Sources' tab for constants, formulas, and citations.
A93: Database (Enterprise) | B93: Oracle Database | D93: Good | E93: 6517P | F93: 16 | G93: 190 | H93: 3.2G | I93: 4.0G | J93: 4.2G | L93: Up to 15% higher performance with Intel Xeon 6747P compared to prior generation | M93: Optimize license costs with right-sized core counts; Target SKUs 64 cores and below to match license requirements; Leverage built-in features that optimize data processing and compression; Focus on Max Core Turbo; Support for DDR5 MRDIMMs with 6767P & 6747P | N93: P-core (Granite Rapids) | O93: Xeon 6700/6500-series (Birch Stream SP), 8-ch | P93: 8 | Q93: 3.2 | R93: 6400 | S93: 8000 | T93: =P93*R93*Assumptions!$B$10/1000 -> 409.6 | U93: =IF(ISNUMBER(S93),P93*S93*Assumptions!$B$10/1000,"N/A") -> 512 | V93: =F93*Q93*IF(N93="E-core (Sierra Forest)",Assumptions!$B$8,Assumptions!$B$4)/1000 -> 1.6384 | W93: =F93*Q93*IF(N93="E-core (Sierra Forest)",Assumptions!$B$9,Assumptions!$B$5)/1000 -> 3.2768 | X93: =IF(N93="E-core (Sierra Forest)","N/A (no AMX)",F93*Q93*Assumptions!$B$6/1000) -> 52.4288 | Y93: =IF(N93="E-core (Sierra Forest)","N/A (no AMX)",F93*Q93*Assumptions!$B$7/1000) -> 104.8576 | Z93: Peak theoretical figures, not measured. See 'Assumptions & Sources' tab for constants, formulas, and citations.
A94: Database (Enterprise) | B94: Oracle Database | D94: Better | E94: 6732P | F94: 32 | G94: 350 | H94: 3.8G | I94: 4.2G | J94: 4.3G | L94: Up to 15% higher performance with Intel Xeon 6747P compared to prior generation | M94: Optimize license costs with right-sized core counts; Target SKUs 64 cores and below to match license requirements; Leverage built-in features that optimize data processing and compression; Focus on Max Core Turbo; Support for DDR5 MRDIMMs with 6767P & 6747P | N94: P-core (Granite Rapids) | O94: Xeon 6700/6500-series (Birch Stream SP), 8-ch | P94: 8 | Q94: 3.8 | R94: 6400 | S94: 8000 | T94: =P94*R94*Assumptions!$B$10/1000 -> 409.6 | U94: =IF(ISNUMBER(S94),P94*S94*Assumptions!$B$10/1000,"N/A") -> 512 | V94: =F94*Q94*IF(N94="E-core (Sierra Forest)",Assumptions!$B$8,Assumptions!$B$4)/1000 -> 3.8912 | W94: =F94*Q94*IF(N94="E-core (Sierra Forest)",Assumptions!$B$9,Assumptions!$B$5)/1000 -> 7.7824 | X94: =IF(N94="E-core (Sierra Forest)","N/A (no AMX)",F94*Q94*Assumptions!$B$6/1000) -> 124.5184 | Y94: =IF(N94="E-core (Sierra Forest)","N/A (no AMX)",F94*Q94*Assumptions!$B$7/1000) -> 249.0368 | Z94: Peak theoretical figures, not measured. See 'Assumptions & Sources' tab for constants, formulas, and citations.
A95: Database (Enterprise) | B95: Oracle Database | D95: Better | E95: 6747P | F95: 48 | G95: 330 | H95: 2.7G | I95: 3.8G | J95: 3.9G | L95: Up to 15% higher performance with Intel Xeon 6747P compared to prior generation | M95: Optimize license costs with right-sized core counts; Target SKUs 64 cores and below to match license requirements; Leverage built-in features that optimize data processing and compression; Focus on Max Core Turbo; Support for DDR5 MRDIMMs with 6767P & 6747P | N95: P-core (Granite Rapids) | O95: Xeon 6700/6500-series (Birch Stream SP), 8-ch | P95: 8 | Q95: 2.7 | R95: 6400 | S95: 8000 | T95: =P95*R95*Assumptions!$B$10/1000 -> 409.6 | U95: =IF(ISNUMBER(S95),P95*S95*Assumptions!$B$10/1000,"N/A") -> 512 | V95: =F95*Q95*IF(N95="E-core (Sierra Forest)",Assumptions!$B$8,Assumptions!$B$4)/1000 -> 4.1472 | W95: =F95*Q95*IF(N95="E-core (Sierra Forest)",Assumptions!$B$9,Assumptions!$B$5)/1000 -> 8.2944 | X95: =IF(N95="E-core (Sierra Forest)","N/A (no AMX)",F95*Q95*Assumptions!$B$6/1000) -> 132.7104 | Y95: =IF(N95="E-core (Sierra Forest)","N/A (no AMX)",F95*Q95*Assumptions!$B$7/1000) -> 265.4208 | Z95: Peak theoretical figures, not measured. See 'Assumptions & Sources' tab for constants, formulas, and citations.
A96: Database (Enterprise) | B96: Oracle Database | D96: Best | E96: 6767P | F96: 64 | G96: 350 | H96: 2.4G | I96: 3.6G | J96: 3.9G | L96: Up to 15% higher performance with Intel Xeon 6747P compared to prior generation | M96: Optimize license costs with right-sized core counts; Target SKUs 64 cores and below to match license requirements; Leverage built-in features that optimize data processing and compression; Focus on Max Core Turbo; Support for DDR5 MRDIMMs with 6767P & 6747P | N96: P-core (Granite Rapids) | O96: Xeon 6700/6500-series (Birch Stream SP), 8-ch | P96: 8 | Q96: 2.4 | R96: 6400 | S96: 8000 | T96: =P96*R96*Assumptions!$B$10/1000 -> 409.6 | U96: =IF(ISNUMBER(S96),P96*S96*Assumptions!$B$10/1000,"N/A") -> 512 | V96: =F96*Q96*IF(N96="E-core (Sierra Forest)",Assumptions!$B$8,Assumptions!$B$4)/1000 -> 4.9152 | W96: =F96*Q96*IF(N96="E-core (Sierra Forest)",Assumptions!$B$9,Assumptions!$B$5)/1000 -> 9.8304 | X96: =IF(N96="E-core (Sierra Forest)","N/A (no AMX)",F96*Q96*Assumptions!$B$6/1000) -> 157.2864 | Y96: =IF(N96="E-core (Sierra Forest)","N/A (no AMX)",F96*Q96*Assumptions!$B$7/1000) -> 314.5728 | Z96: Peak theoretical figures, not measured. See 'Assumptions & Sources' tab for constants, formulas, and citations.
A97: Storage / Enterprise / CDN | B97: Software-defined Storage | D97: Good | E97: 6527P | F97: 24 | G97: 255 | H97: 3G | I97: 4.2G | J97: 4.2G | L97: 1.46x higher performance/dollar with Intel Xeon 6787P vs. Intel Xeon 8592+ for virtual performance using VMmark | M97: Intel QAT in storage workloads allows for offloading intensive tasks like compression/decompression; Requires more I/O as it relies on software to manage storage across multiple servers; Increased PCIe lane count and I/O per socket; Requires higher transfer rates between devices; Enhanced security features (Intel SGX & Intel TDX) | N97: P-core (Granite Rapids) | O97: Xeon 6700/6500-series (Birch Stream SP), 8-ch | P97: 8 | Q97: 3 | R97: 6400 | S97: 8000 | T97: =P97*R97*Assumptions!$B$10/1000 -> 409.6 | U97: =IF(ISNUMBER(S97),P97*S97*Assumptions!$B$10/1000,"N/A") -> 512 | V97: =F97*Q97*IF(N97="E-core (Sierra Forest)",Assumptions!$B$8,Assumptions!$B$4)/1000 -> 2.304 | W97: =F97*Q97*IF(N97="E-core (Sierra Forest)",Assumptions!$B$9,Assumptions!$B$5)/1000 -> 4.608 | X97: =IF(N97="E-core (Sierra Forest)","N/A (no AMX)",F97*Q97*Assumptions!$B$6/1000) -> 73.728 | Y97: =IF(N97="E-core (Sierra Forest)","N/A (no AMX)",F97*Q97*Assumptions!$B$7/1000) -> 147.456 | Z97: Peak theoretical figures, not measured. See 'Assumptions & Sources' tab for constants, formulas, and citations.
... A123: Storage / Enterprise / CDN | B123: CDN | D123: Best | E123: 6781P* | F123: 80 | G123: 350 | H123: 2G | I123: 3.2G | J123: 3.8G | L123: Intel Xeon 6781P processor has up to 1.16x better performance and up to 1.16x performance per watt than Intel Xeon 8592P processor for CDN Live Linear; Intel Xeon 6781P processor has up to 2.45x better performance and up to 1.88x performance per watt than Intel Xeon 8380 processor for CDN Video On Demand | M123: Requires high performance and latency reductions; Scalability & load distribution; Reliability & availability RAS features (focus on SLA uptimes); Enhanced security features (Intel SGX & Intel TDX) | N123: P-core (Granite Rapids) | O123: Xeon 6700/6500-series (Birch Stream SP), 8-ch | P123: 8 | Q123: 2 | R123: 6400 | S123: 8000 | T123: =P123*R123*Assumptions!$B$10/1000 -> 409.6 | U123: =IF(ISNUMBER(S123),P123*S123*Assumptions!$B$10/1000,"N/A") -> 512 | V123: =F123*Q123*IF(N123="E-core (Sierra Forest)",Assumptions!$B$8,Assumptions!$B$4)/1000 -> 5.12 | W123: =F123*Q123*IF(N123="E-core (Sierra Forest)",Assumptions!$B$9,Assumptions!$B$5)/1000 -> 10.24 | X123: =IF(N123="E-core (Sierra Forest)","N/A (no AMX)",F123*Q123*Assumptions!$B$6/1000) -> 163.84 | Y123: =IF(N123="E-core (Sierra Forest)","N/A (no AMX)",F123*Q123*Assumptions!$B$7/1000) -> 327.68 | Z123: Peak theoretical figures, not measured. See 'Assumptions & Sources' tab for constants, formulas, and citations.
A124: Storage / DB / VDI / AI (1-socket) | B124: Storage | C124: 1-socket | D124: Good | E124: 6731P | F124: 32 | G124: 245 | H124: 2.5G | I124: 3.9G | J124: 4.1G | L124: A single Intel Xeon 6 one-socket server delivered a record 116 GB/s throughput, matching multi-node, scale-out competitors with up to 15x fewer servers, dramatically reducing cost, power, and complexity | M124: Intel QAT in storage workloads allows for offloading intensive tasks like compression/decompression; Requires more I/O as it relies on software to manage storage across multiple servers; Increased PCIe lane count and I/O per socket; Requires higher transfer rates between devices; Enhanced security features (Intel SGX & Intel TDX) | N124: P-core (Granite Rapids) | O124: Xeon 6700/6500-series (Birch Stream SP), 8-ch | P124: 8 | Q124: 2.5 | R124: 6400 | S124: 8000 | T124: =P124*R124*Assumptions!$B$10/1000 -> 409.6 | U124: =IF(ISNUMBER(S124),P124*S124*Assumptions!$B$10/1000,"N/A") -> 512 | V124: =F124*Q124*IF(N124="E-core (Sierra Forest)",Assumptions!$B$8,Assumptions!$B$4)/1000 -> 2.56 | W124: =F124*Q124*IF(N124="E-core (Sierra Forest)",Assumptions!$B$9,Assumptions!$B$5)/1000 -> 5.12 | X124: =IF(N124="E-core (Sierra Forest)","N/A (no AMX)",F124*Q124*Assumptions!$B$6/1000) -> 81.92 | Y124: =IF(N124="E-core (Sierra Forest)","N/A (no AMX)",F124*Q124*Assumptions!$B$7/1000) -> 163.84 | Z124: Peak theoretical figures, not measured. See 'Assumptions & Sources' tab for constants, formulas, and citations.
A125: Storage / DB / VDI / AI (1-socket) | B125: Storage | C125: 1-socket | D125: Good | E125: 6521P | F125: 24 | G125: 225 | H125: 2.6G | I125: 4.1G | J125: 4.1G | L125: A single Intel Xeon 6 one-socket server delivered a record 116 GB/s throughput, matching multi-node, scale-out competitors with up to 15x fewer servers, dramatically reducing cost, power, and complexity | M125: Intel QAT in storage workloads allows for offloading intensive tasks like compression/decompression; Requires more I/O as it relies on software to manage storage across multiple servers; Increased PCIe lane count and I/O per socket; Requires higher transfer rates between devices; Enhanced security features (Intel SGX & Intel TDX) | N125: P-core (Granite Rapids) | O125: Xeon 6700/6500-series (Birch Stream SP), 8-ch | P125: 8 | Q125: 2.6 | R125: 6400 | S125: 8000 | T125: =P125*R125*Assumptions!$B$10/1000 -> 409.6 | U125: =IF(ISNUMBER(S125),P125*S125*Assumptions!$B$10/1000,"N/A") -> 512 | V125: =F125*Q125*IF(N125="E-core (Sierra Forest)",Assumptions!$B$8,Assumptions!$B$4)/1000 -> 1.9968 | W125: =F125*Q125*IF(N125="E-core (Sierra Forest)",Assumptions!$B$9,Assumptions!$B$5)/1000 -> 3.9936 | X125: =IF(N125="E-core (Sierra Forest)","N/A (no AMX)",F125*Q125*Assumptions!$B$6/1000) -> 63.8976 | Y125: =IF(N125="E-core (Sierra Forest)","N/A (no AMX)",F125*Q125*Assumptions!$B$7/1000) -> 127.7952 | Z125: Peak theoretical figures, not measured. See 'Assumptions & Sources' tab for constants, formulas, and citations.
A126: Storage / DB / VDI / AI (1-socket) | B126: Storage | C126: 1-socket | D126: Better | E126: 6761P | F126: 64 | G126: 350 | H126: 2.5G | I126: 3.6G | J126: 3.9G | L126: A single Intel Xeon 6 one-socket server delivered a record 116 GB/s throughput, matching multi-node, scale-out competitors with up to 15x fewer servers, dramatically reducing cost, power, and complexity | M126: Intel QAT in storage workloads allows for offloading intensive tasks like compression/decompression; Requires more I/O as it relies on software to manage storage across multiple servers; Increased PCIe lane count and I/O per socket; Requires higher transfer rates between devices; Enhanced security features (Intel SGX & Intel TDX) | N126: P-core (Granite Rapids) | O126: Xeon 6700/6500-series (Birch Stream SP), 8-ch | P126: 8 | Q126: 2.5 | R126: 6400 | S126: 8000 | T126: =P126*R126*Assumptions!$B$10/1000 -> 409.6 | U126: =IF(ISNUMBER(S126),P126*S126*Assumptions!$B$10/1000,"N/A") -> 512 | V126: =F126*Q126*IF(N126="E-core (Sierra Forest)",Assumptions!$B$8,Assumptions!$B$4)/1000 -> 5.12 | W126: =F126*Q126*IF(N126="E-core (Sierra Forest)",Assumptions!$B$9,Assumptions!$B$5)/1000 -> 10.24 | X126: =IF(N126="E-core (Sierra Forest)","N/A (no AMX)",F126*Q126*Assumptions!$B$6/1000) -> 163.84 | Y126: =IF(N126="E-core (Sierra Forest)","N/A (no AMX)",F126*Q126*Assumptions!$B$7/1000) -> 327.68 | Z126: Peak theoretical figures, not measured. See 'Assumptions & Sources' tab for constants, formulas, and citations.
A127: Storage / DB / VDI / AI (1-socket) | B127: Storage | C127: 1-socket | D127: Better | E127: 6741P | F127: 48 | G127: 300 | H127: 2.5G | I127: 3.7G | J127: 3.8G | L127: A single Intel Xeon 6 one-socket server delivered a record 116 GB/s throughput, matching multi-node, scale-out competitors with up to 15x fewer servers, dramatically reducing cost, power, and complexity | M127: Intel QAT in storage workloads allows for offloading intensive tasks like compression/decompression; Requires more I/O as it relies on software to manage storage across multiple servers; Increased PCIe lane count and I/O per socket; Requires higher transfer rates between devices; Enhanced security features (Intel SGX & Intel TDX) | N127: P-core (Granite Rapids) | O127: Xeon 6700/6500-series (Birch Stream SP), 8-ch | P127: 8 | Q127: 2.5 | R127: 6400 | S127: 8000 | T127: =P127*R127*Assumptions!$B$10/1000 -> 409.6 | U127: =IF(ISNUMBER(S127),P127*S127*Assumptions!$B$10/1000,"N/A") -> 512 | V127: =F127*Q127*IF(N127="E-core (Sierra Forest)",Assumptions!$B$8,Assumptions!$B$4)/1000 -> 3.84 | W127: =F127*Q127*IF(N127="E-core (Sierra Forest)",Assumptions!$B$9,Assumptions!$B$5)/1000 -> 7.68 | X127: =IF(N127="E-core (Sierra Forest)","N/A (no AMX)",F127*Q127*Assumptions!$B$6/1000) -> 122.88 | Y127: =IF(N127="E-core (Sierra Forest)","N/A (no AMX)",F127*Q127*Assumptions!$B$7/1000) -> 245.76 | Z127: Peak theoretical figures, not measured. See 'Assumptions & Sources' tab for constants, formulas, and citations.
A128: Storage / DB / VDI / AI (1-socket) | B128: Storage | C128: 1-socket | D128: Best | E128: 6781P | F128: 80 | G128: 350 | H128: 2G | I128: 3.2G | J128: 3.8G | L128: A single Intel Xeon 6 one-socket server delivered a record 116 GB/s throughput, matching multi-node, scale-out competitors with up to 15x fewer servers, dramatically reducing cost, power, and complexity | M128: Intel QAT in storage workloads allows for offloading intensive tasks like compression/decompression; Requires more I/O as it relies on software to manage storage across multiple servers; Increased PCIe lane count and I/O per socket; Requires higher transfer rates between devices; Enhanced security features (Intel SGX & Intel TDX) | N128: P-core (Granite Rapids) | O128: Xeon 6700/6500-series (Birch Stream SP), 8-ch | P128: 8 | Q128: 2 | R128: 6400 | S128: 8000 | T128: =P128*R128*Assumptions!$B$10/1000 -> 409.6 | U128: =IF(ISNUMBER(S128),P128*S128*Assumptions!$B$10/1000,"N/A") -> 512 | V128: =F128*Q128*IF(N128="E-core (Sierra Forest)",Assumptions!$B$8,Assumptions!$B$4)/1000 -> 5.12 | W128: =F128*Q128*IF(N128="E-core (Sierra Forest)",Assumptions!$B$9,Assumptions!$B$5)/1000 -> 10.24 | X128: =IF(N128="E-core (Sierra Forest)","N/A (no AMX)",F128*Q128*Assumptions!$B$6/1000) -> 163.84 | Y128: =IF(N128="E-core (Sierra Forest)","N/A (no AMX)",F128*Q128*Assumptions!$B$7/1000) -> 327.68 | Z128: Peak theoretical figures, not measured. See 'Assumptions & Sources' tab for constants, formulas, and citations.
A129: Storage / DB / VDI / AI (1-socket) | B129: Databases | C129: i.e., Cassandra (1-socket) | D129: Good | E129: 6511P | F129: 16 | G129: 150 | H129: 2.3G | I129: 4.1G | J129: 4.2G | L129: Replace your 2nd Gen Xeon 2-socket servers with 1-socket Xeon 6 servers in a virtualized environment with Microsoft SQL Server and VMware and reduce your server fleet by 50%, as well as per-core licensing (if applicable) by 53% | M129: Greater I/O to retrieve and update read/write compared to purely in-memory; Streamline architecture of single socket benefits smaller scale-out databases | N129: P-core (Granite Rapids) | O129: Xeon 6700/6500-series (Birch Stream SP), 8-ch | P129: 8 | Q129: 2.3 | R129: 6400 | S129: 8000 | T129: =P129*R129*Assumptions!$B$10/1000 -> 409.6 | U129: =IF(ISNUMBER(S129),P129*S129*Assumptions!$B$10/1000,"N/A") -> 512 | V129: =F129*Q129*IF(N129="E-core (Sierra Forest)",Assumptions!$B$8,Assumptions!$B$4)/1000 -> 1.1776 | W129: =F129*Q129*IF(N129="E-core (Sierra Forest)",Assumptions!$B$9,Assumptions!$B$5)/1000 -> 2.3552 | X129: =IF(N129="E-core (Sierra Forest)","N/A (no AMX)",F129*Q129*Assumptions!$B$6/1000) -> 37.6832 | Y129: =IF(N129="E-core (Sierra Forest)","N/A (no AMX)",F129*Q129*Assumptions!$B$7/1000) -> 75.3664 | Z129: Peak theoretical figures, not measured. See 'Assumptions & Sources' tab for constants, formulas, and citations.
A130: Storage / DB / VDI / AI (1-socket) | B130: Databases | C130: i.e., Cassandra (1-socket) | D130: Better | E130: 6521P | F130: 24 | G130: 225 | H130: 2.6G | I130: 4.1G | J130: 4.1G | L130: Replace your 2nd Gen Xeon 2-socket servers with 1-socket Xeon 6 servers in a virtualized environment with Microsoft SQL Server and VMware and reduce your server fleet by 50%, as well as per-core licensing (if applicable) by 53% | M130: Greater I/O to retrieve and update read/write compared to purely in-memory; Streamline architecture of single socket benefits smaller scale-out databases | N130: P-core (Granite Rapids) | O130: Xeon 6700/6500-series (Birch Stream SP), 8-ch | P130: 8 | Q130: 2.6 | R130: 6400 | S130: 8000 | T130: =P130*R130*Assumptions!$B$10/1000 -> 409.6 | U130: =IF(ISNUMBER(S130),P130*S130*Assumptions!$B$10/1000,"N/A") -> 512 | V130: =F130*Q130*IF(N130="E-core (Sierra Forest)",Assumptions!$B$8,Assumptions!$B$4)/1000 -> 1.9968 | W130: =F130*Q130*IF(N130="E-core (Sierra Forest)",Assumptions!$B$9,Assumptions!$B$5)/1000 -> 3.9936 | X130: =IF(N130="E-core (Sierra Forest)","N/A (no AMX)",F130*Q130*Assumptions!$B$6/1000) -> 63.8976 | Y130: =IF(N130="E-core (Sierra Forest)","N/A (no AMX)",F130*Q130*Assumptions!$B$7/1000) -> 127.7952 | Z130: Peak theoretical figures, not measured. See 'Assumptions & Sources' tab for constants, formulas, and citations.
A131: Storage / DB / VDI / AI (1-socket) | B131: Databases | C131: i.e., Cassandra (1-socket) | D131: Best | E131: 6731P | F131: 32 | G131: 245 | H131: 2.5G | I131: 3.9G | J131: 4.1G | L131: Replace your 2nd Gen Xeon 2-socket servers with 1-socket Xeon 6 servers in a virtualized environment with Microsoft SQL Server and VMware and reduce your server fleet by 50%, as well as per-core licensing (if applicable) by 53% | M131: Greater I/O to retrieve and update read/write compared to purely in-memory; Streamline architecture of single socket benefits smaller scale-out databases | N131: P-core (Granite Rapids) | O131: Xeon 6700/6500-series (Birch Stream SP), 8-ch | P131: 8 | Q131: 2.5 | R131: 6400 | S131: 8000 | T131: =P131*R131*Assumptions!$B$10/1000 -> 409.6 | U131: =IF(ISNUMBER(S131),P131*S131*Assumptions!$B$10/1000,"N/A") -> 512 | V131: =F131*Q131*IF(N131="E-core (Sierra Forest)",Assumptions!$B$8,Assumptions!$B$4)/1000 -> 2.56 | W131: =F131*Q131*IF(N131="E-core (Sierra Forest)",Assumptions!$B$9,Assumptions!$B$5)/1000 -> 5.12 | X131: =IF(N131="E-core (Sierra Forest)","N/A (no AMX)",F131*Q131*Assumptions!$B$6/1000) -> 81.92 | Y131: =IF(N131="E-core (Sierra Forest)","N/A (no AMX)",F131*Q131*Assumptions!$B$7/1000) -> 163.84 | Z131: Peak theoretical figures, not measured. See 'Assumptions & Sources' tab for constants, formulas, and citations.
A132: Storage / DB / VDI / AI (1-socket) | B132: Traditional Enterprise | C132: Hyperconverged Infrastructure (1-socket) | D132: Good | E132: 6521P | F132: 24 | G132: 225 | H132: 2.6G | I132: 4.1G | J132: 4.1G | L132: Up to 28% reduction in cost per user with Intel Xeon 6761P vs. Intel Xeon 8592+ for Virtual Desktop Infrastructure (VDI) performance* | M132: High core count in single socket resolves NUMA provisioning complexity; Virtualization - multiple VMs running on the same physical hardware need to access shared storage simultaneously; Price sensitivity - price target; Enhanced security features (Intel SGX & Intel TDX) | N132: P-core (Granite Rapids) | O132: Xeon 6700/6500-series (Birch Stream SP), 8-ch | P132: 8 | Q132: 2.6 | R132: 6400 | S132: 8000 | T132: =P132*R132*Assumptions!$B$10/1000 -> 409.6 | U132: =IF(ISNUMBER(S132),P132*S132*Assumptions!$B$10/1000,"N/A") -> 512 | V132: =F132*Q132*IF(N132="E-core (Sierra Forest)",Assumptions!$B$8,Assumptions!$B$4)/1000 -> 1.9968 | W132: =F132*Q132*IF(N132="E-core (Sierra Forest)",Assumptions!$B$9,Assumptions!$B$5)/1000 -> 3.9936 | X132: =IF(N132="E-core (Sierra Forest)","N/A (no AMX)",F132*Q132*Assumptions!$B$6/1000) -> 63.8976 | Y132: =IF(N132="E-core (Sierra Forest)","N/A (no AMX)",F132*Q132*Assumptions!$B$7/1000) -> 127.7952 | Z132: Peak theoretical figures, not measured. See 'Assumptions & Sources' tab for constants, formulas, and citations.
A133: Storage / DB / VDI / AI (1-socket) | B133: Traditional Enterprise | C133: Hyperconverged Infrastructure (1-socket) | D133: Good | E133: 6511P | F133: 16 | G133: 150 | H133: 2.3G | I133: 4.1G | J133: 4.2G | L133: Up to 28% reduction in cost per user with Intel Xeon 6761P vs. Intel Xeon 8592+ for Virtual Desktop Infrastructure (VDI) performance* | M133: High core count in single socket resolves NUMA provisioning complexity; Virtualization - multiple VMs running on the same physical hardware need to access shared storage simultaneously; Price sensitivity - price target; Enhanced security features (Intel SGX & Intel TDX) | N133: P-core (Granite Rapids) | O133: Xeon 6700/6500-series (Birch Stream SP), 8-ch | P133: 8 | Q133: 2.3 | R133: 6400 | S133: 8000 | T133: =P133*R133*Assumptions!$B$10/1000 -> 409.6 | U133: =IF(ISNUMBER(S133),P133*S133*Assumptions!$B$10/1000,"N/A") -> 512 | V133: =F133*Q133*IF(N133="E-core (Sierra Forest)",Assumptions!$B$8,Assumptions!$B$4)/1000 -> 1.1776 | W133: =F133*Q133*IF(N133="E-core (Sierra Forest)",Assumptions!$B$9,Assumptions!$B$5)/1000 -> 2.3552 | X133: =IF(N133="E-core (Sierra Forest)","N/A (no AMX)",F133*Q133*Assumptions!$B$6/1000) -> 37.6832 | Y133: =IF(N133="E-core (Sierra Forest)","N/A (no AMX)",F133*Q133*Assumptions!$B$7/1000) -> 75.3664 | Z133: Peak theoretical figures, not measured. See 'Assumptions & Sources' tab for constants, formulas, and citations.
A134: Storage / DB / VDI / AI (1-socket) | B134: Traditional Enterprise | C134: Hyperconverged Infrastructure (1-socket) | D134: Better | E134: 6741P | F134: 48 | G134: 300 | H134: 2.5G | I134: 3.7G | J134: 3.8G | L134: Up to 28% reduction in cost per user with Intel Xeon 6761P vs. Intel Xeon 8592+ for Virtual Desktop Infrastructure (VDI) performance* | M134: High core count in single socket resolves NUMA provisioning complexity; Virtualization - multiple VMs running on the same physical hardware need to access shared storage simultaneously; Price sensitivity - price target; Enhanced security features (Intel SGX & Intel TDX) | N134: P-core (Granite Rapids) | O134: Xeon 6700/6500-series (Birch Stream SP), 8-ch | P134: 8 | Q134: 2.5 | R134: 6400 | S134: 8000 | T134: =P134*R134*Assumptions!$B$10/1000 -> 409.6 | U134: =IF(ISNUMBER(S134),P134*S134*Assumptions!$B$10/1000,"N/A") -> 512 | V134: =F134*Q134*IF(N134="E-core (Sierra Forest)",Assumptions!$B$8,Assumptions!$B$4)/1000 -> 3.84 | W134: =F134*Q134*IF(N134="E-core (Sierra Forest)",Assumptions!$B$9,Assumptions!$B$5)/1000 -> 7.68 | X134: =IF(N134="E-core (Sierra Forest)","N/A (no AMX)",F134*Q134*Assumptions!$B$6/1000) -> 122.88 | Y134: =IF(N134="E-core (Sierra Forest)","N/A (no AMX)",F134*Q134*Assumptions!$B$7/1000) -> 245.76 | Z134: Peak theoretical figures, not measured. See 'Assumptions & Sources' tab for constants, formulas, and citations.
A135: Storage / DB / VDI / AI (1-socket) | B135: Traditional Enterprise | C135: Hyperconverged Infrastructure (1-socket) | D135: Better | E135: 6731P | F135: 32 | G135: 245 | H135: 2.5G | I135: 3.9G | J135: 4.1G | L135: Up to 28% reduction in cost per user with Intel Xeon 6761P vs. Intel Xeon 8592+ for Virtual Desktop Infrastructure (VDI) performance* | M135: High core count in single socket resolves NUMA provisioning complexity; Virtualization - multiple VMs running on the same physical hardware need to access shared storage simultaneously; Price sensitivity - price target; Enhanced security features (Intel SGX & Intel TDX) | N135: P-core (Granite Rapids) | O135: Xeon 6700/6500-series (Birch Stream SP), 8-ch | P135: 8 | Q135: 2.5 | R135: 6400 | S135: 8000 | T135: =P135*R135*Assumptions!$B$10/1000 -> 409.6 | U135: =IF(ISNUMBER(S135),P135*S135*Assumptions!$B$10/1000,"N/A") -> 512 | V135: =F135*Q135*IF(N135="E-core (Sierra Forest)",Assumptions!$B$8,Assumptions!$B$4)/1000 -> 2.56 | W135: =F135*Q135*IF(N135="E-core (Sierra Forest)",Assumptions!$B$9,Assumptions!$B$5)/1000 -> 5.12 | X135: =IF(N135="E-core (Sierra Forest)","N/A (no AMX)",F135*Q135*Assumptions!$B$6/1000) -> 81.92 | Y135: =IF(N135="E-core (Sierra Forest)","N/A (no AMX)",F135*Q135*Assumptions!$B$7/1000) -> 163.84 | Z135: Peak theoretical figures, not measured. See 'Assumptions & Sources' tab for constants, formulas, and citations.
... A139: Storage / DB / VDI / AI (1-socket) | B139: Artificial Intelligence | C139: 1-socket, no discrete GPU | D139: Best | E139: 6774P** | F139: 64 | G139: 350 | H139: 2.5G | I139: 3.6G | J139: 3.9G | L139: Coming soon in Q1'26 | M139: Leverage AI acceleration with Intel AMX; Cost-effective AI inferencing without discrete accelerators; Simplified & flexible system design; Lower total cost of ownership & power efficiency; Enhanced security features (Intel SGX & Intel TDX) | N139: P-core (Granite Rapids) | O139: Xeon 6700/6500-series (Birch Stream SP), 8-ch | P139: 8 | Q139: 2.5 | R139: 6400 | S139: 8000 | T139: =P139*R139*Assumptions!$B$10/1000 -> 409.6 | U139: =IF(ISNUMBER(S139),P139*S139*Assumptions!$B$10/1000,"N/A") -> 512 | V139: =F139*Q139*IF(N139="E-core (Sierra Forest)",Assumptions!$B$8,Assumptions!$B$4)/1000 -> 5.12 | W139: =F139*Q139*IF(N139="E-core (Sierra Forest)",Assumptions!$B$9,Assumptions!$B$5)/1000 -> 10.24 | X139: =IF(N139="E-core (Sierra Forest)","N/A (no AMX)",F139*Q139*Assumptions!$B$6/1000) -> 163.84 | Y139: =IF(N139="E-core (Sierra Forest)","N/A (no AMX)",F139*Q139*Assumptions!$B$7/1000) -> 327.68 | Z139: Peak theoretical figures, not measured. See 'Assumptions & Sources' tab for constants, formulas, and citations.
A140: Financial Services (FSI) | B140: High Frequency Trading | D140: Good | E140: 6737P | F140: 32 | G140: 300 | H140: 2.9G | I140: 4.0G | J140: 4.0G | L140: On STAC-A2, the joint solution with Intel Xeon 6 processors and Micron MRDIMMs delivered world-record speed for risk analytics and Monte Carlo simulations, achieving 35.2 milliseconds to market insight, over two times faster cold-start, and a 28% gain in energy efficiency compared to previous bests | M140: Workload characterization: STAC-TI Working Group | STAC-Insight for the Algorithmic Enterprise | STAC; Low-latency and high-frequency optimized, minimizing jitter and tail-end latency (95%-99%); Determinism is important, optimized with monolithic die architectures; High cache-to-core ratio; Highest frequency at max core turbo | N140: P-core (Granite Rapids) | O140: Xeon 6700/6500-series (Birch Stream SP), 8-ch | P140: 8 | Q140: 2.9 | R140: 6400 | S140: 8000 | T140: =P140*R140*Assumptions!$B$10/1000 -> 409.6 | U140: =IF(ISNUMBER(S140),P140*S140*Assumptions!$B$10/1000,"N/A") -> 512 | V140: =F140*Q140*IF(N140="E-core (Sierra Forest)",Assumptions!$B$8,Assumptions!$B$4)/1000 -> 2.9696 | W140: =F140*Q140*IF(N140="E-core (Sierra Forest)",Assumptions!$B$9,Assumptions!$B$5)/1000 -> 5.9392 | X140: =IF(N140="E-core (Sierra Forest)","N/A (no AMX)",F140*Q140*Assumptions!$B$6/1000) -> 95.0272 | Y140: =IF(N140="E-core (Sierra Forest)","N/A (no AMX)",F140*Q140*Assumptions!$B$7/1000) -> 190.0544 | Z140: Peak theoretical figures, not measured. See 'Assumptions & Sources' tab for constants, formulas, and citations.
A141: Financial Services (FSI) | B141: High Frequency Trading | D141: Good | E141: 6732P | F141: 32 | G141: 350 | H141: 3.8G | I141: 4.2G | J141: 4.3G | L141: On STAC-A2, the joint solution with Intel Xeon 6 processors and Micron MRDIMMs delivered world-record speed for risk analytics and Monte Carlo simulations, achieving 35.2 milliseconds to market insight, over two times faster cold-start, and a 28% gain in energy efficiency compared to previous bests | M141: Workload characterization: STAC-TI Working Group | STAC-Insight for the Algorithmic Enterprise | STAC; Low-latency and high-frequency optimized, minimizing jitter and tail-end latency (95%-99%); Determinism is important, optimized with monolithic die architectures; High cache-to-core ratio; Highest frequency at max core turbo | N141: P-core (Granite Rapids) | O141: Xeon 6700/6500-series (Birch Stream SP), 8-ch | P141: 8 | Q141: 3.8 | R141: 6400 | S141: 8000 | T141: =P141*R141*Assumptions!$B$10/1000 -> 409.6 | U141: =IF(ISNUMBER(S141),P141*S141*Assumptions!$B$10/1000,"N/A") -> 512 | V141: =F141*Q141*IF(N141="E-core (Sierra Forest)",Assumptions!$B$8,Assumptions!$B$4)/1000 -> 3.8912 | W141: =F141*Q141*IF(N141="E-core (Sierra Forest)",Assumptions!$B$9,Assumptions!$B$5)/1000 -> 7.7824 | X141: =IF(N141="E-core (Sierra Forest)","N/A (no AMX)",F141*Q141*Assumptions!$B$6/1000) -> 124.5184 | Y141: =IF(N141="E-core (Sierra Forest)","N/A (no AMX)",F141*Q141*Assumptions!$B$7/1000) -> 249.0368 | Z141: Peak theoretical figures, not measured. See 'Assumptions & Sources' tab for constants, formulas, and citations.
A142: Financial Services (FSI) | B142: High Frequency Trading | D142: Better | E142: 6725P | F142: 16 | G142: 225 | H142: 3.0G | I142: 3.9G | J142: 4.8G | L142: On STAC-A2, the joint solution with Intel Xeon 6 processors and Micron MRDIMMs delivered world-record speed for risk analytics and Monte Carlo simulations, achieving 35.2 milliseconds to market insight, over two times faster cold-start, and a 28% gain in energy efficiency compared to previous bests | M142: Workload characterization: STAC-TI Working Group | STAC-Insight for the Algorithmic Enterprise | STAC; Low-latency and high-frequency optimized, minimizing jitter and tail-end latency (95%-99%); Determinism is important, optimized with monolithic die architectures; High cache-to-core ratio; Highest frequency at max core turbo | N142: P-core (Granite Rapids) | O142: Xeon 6700/6500-series (Birch Stream SP), 8-ch | P142: 8 | Q142: 3 | R142: 6400 | S142: 8000 | T142: =P142*R142*Assumptions!$B$10/1000 -> 409.6 | U142: =IF(ISNUMBER(S142),P142*S142*Assumptions!$B$10/1000,"N/A") -> 512 | V142: =F142*Q142*IF(N142="E-core (Sierra Forest)",Assumptions!$B$8,Assumptions!$B$4)/1000 -> 1.536 | W142: =F142*Q142*IF(N142="E-core (Sierra Forest)",Assumptions!$B$9,Assumptions!$B$5)/1000 -> 3.072 | X142: =IF(N142="E-core (Sierra Forest)","N/A (no AMX)",F142*Q142*Assumptions!$B$6/1000) -> 49.152 | Y142: =IF(N142="E-core (Sierra Forest)","N/A (no AMX)",F142*Q142*Assumptions!$B$7/1000) -> 98.304 | Z142: Peak theoretical figures, not measured. See 'Assumptions & Sources' tab for constants, formulas, and citations.
A143: Financial Services (FSI) | B143: High Frequency Trading | D143: Best | E143: 6558Q | F143: 32 | G143: 350 | H143: 3.2G | I143: 4.1G | J143: 4.1G | L143: On STAC-A2, the joint solution with Intel Xeon 6 processors and Micron MRDIMMs delivered world-record speed for risk analytics and Monte Carlo simulations, achieving 35.2 milliseconds to market insight, over two times faster cold-start, and a 28% gain in energy efficiency compared to previous bests | M143: Workload characterization: STAC-TI Working Group | STAC-Insight for the Algorithmic Enterprise | STAC; Low-latency and high-frequency optimized, minimizing jitter and tail-end latency (95%-99%); Determinism is important, optimized with monolithic die architectures; High cache-to-core ratio; Highest frequency at max core turbo | N143: Legacy P-core (5th Gen Xeon Scalable / Emerald Rapids) | O143: 5th Gen Xeon Scalable (Emerald Rapids), 8-ch | P143: 8 | Q143: 3.2 | R143: 5600 | S143: N/A | T143: =P143*R143*Assumptions!$B$10/1000 -> 358.4 | U143: =IF(ISNUMBER(S143),P143*S143*Assumptions!$B$10/1000,"N/A") -> N/A | V143: =F143*Q143*IF(N143="E-core (Sierra Forest)",Assumptions!$B$8,Assumptions!$B$4)/1000 -> 3.2768 | W143: =F143*Q143*IF(N143="E-core (Sierra Forest)",Assumptions!$B$9,Assumptions!$B$5)/1000 -> 6.5536 | X143: =IF(N143="E-core (Sierra Forest)","N/A (no AMX)",F143*Q143*Assumptions!$B$6/1000) -> 104.8576 | Y143: =IF(N143="E-core (Sierra Forest)","N/A (no AMX)",F143*Q143*Assumptions!$B$7/1000) -> 209.7152 | Z143: Peak theoretical figures, not measured. See 'Assumptions & Sources' tab for constants, formulas, and citations.
A144: Financial Services (FSI) | B144: High Frequency Trading | D144: Best | E144: 8562Y+ | F144: 32 | G144: 300 | H144: 2.8G | I144: 3.9G | J144: 4.2G | L144: On STAC-A2, the joint solution with Intel Xeon 6 processors and Micron MRDIMMs delivered world-record speed for risk analytics and Monte Carlo simulations, achieving 35.2 milliseconds to market insight, over two times faster cold-start, and a 28% gain in energy efficiency compared to previous bests | M144: Workload characterization: STAC-TI Working Group | STAC-Insight for the Algorithmic Enterprise | STAC; Low-latency and high-frequency optimized, minimizing jitter and tail-end latency (95%-99%); Determinism is important, optimized with monolithic die architectures; High cache-to-core ratio; Highest frequency at max core turbo | N144: Legacy P-core (5th Gen Xeon Scalable / Emerald Rapids) | O144: 5th Gen Xeon Scalable (Emerald Rapids), 8-ch | P144: 8 | Q144: 2.8 | R144: 5600 | S144: N/A | T144: =P144*R144*Assumptions!$B$10/1000 -> 358.4 | U144: =IF(ISNUMBER(S144),P144*S144*Assumptions!$B$10/1000,"N/A") -> N/A | V144: =F144*Q144*IF(N144="E-core (Sierra Forest)",Assumptions!$B$8,Assumptions!$B$4)/1000 -> 2.8672 | W144: =F144*Q144*IF(N144="E-core (Sierra Forest)",Assumptions!$B$9,Assumptions!$B$5)/1000 -> 5.7344 | X144: =IF(N144="E-core (Sierra Forest)","N/A (no AMX)",F144*Q144*Assumptions!$B$6/1000) -> 91.7504 | Y144: =IF(N144="E-core (Sierra Forest)","N/A (no AMX)",F144*Q144*Assumptions!$B$7/1000) -> 183.5008 | Z144: Peak theoretical figures, not measured. See 'Assumptions & Sources' tab for constants, formulas, and citations.
A145: Financial Services (FSI) | B145: FSI / HPC Grid | C145: Monte Carlo, Heston, Black Scholes | D145: Good | E145: 6952P | F145: 96 | G145: 400 | H145: 2.5G | I145: 3.2G | J145: 3.9G | L145: 6980P is a 2.13x throughput increase compared to EMR 8952+ and 2.6x vs. 8480+**; Up to 1.7x higher FSI Kernels performance with Intel Xeon 6980P [MRDIMM] vs. AMD EPYC 9654 | M145: High memory bandwidth (MRDIMMs) recommended for best performance; Benefit from higher core counts and large caches (cache per core); Built-in security and compliance features meeting FSO compliance requirements (QAT, RAS, TDX); Advanced power management to optimize energy savings | N145: P-core (Granite Rapids) | O145: Xeon 6900-series (Birch Stream AP), 12-ch | P145: 12 | Q145: 2.5 | R145: 6400 | S145: 8800 | T145: =P145*R145*Assumptions!$B$10/1000 -> 614.4 | U145: =IF(ISNUMBER(S145),P145*S145*Assumptions!$B$10/1000,"N/A") -> 844.8 | V145: =F145*Q145*IF(N145="E-core (Sierra Forest)",Assumptions!$B$8,Assumptions!$B$4)/1000 -> 7.68 | W145: =F145*Q145*IF(N145="E-core (Sierra Forest)",Assumptions!$B$9,Assumptions!$B$5)/1000 -> 15.36 | X145: =IF(N145="E-core (Sierra Forest)","N/A (no AMX)",F145*Q145*Assumptions!$B$6/1000) -> 245.76 | Y145: =IF(N145="E-core (Sierra Forest)","N/A (no AMX)",F145*Q145*Assumptions!$B$7/1000) -> 491.52 | Z145: Peak theoretical figures, not measured. See 'Assumptions & Sources' tab for constants, formulas, and citations.
A146: Financial Services (FSI) | B146: FSI / HPC Grid | C146: Monte Carlo, Heston, Black Scholes | D146: Good | E146: 6745P | F146: 32 | G146: 300 | H146: 3.1G | I146: 4.1G | J146: 4.3G | L146: 6980P is a 2.13x throughput increase compared to EMR 8952+ and 2.6x vs. 8480+**; Up to 1.7x higher FSI Kernels performance with Intel Xeon 6980P [MRDIMM] vs. AMD EPYC 9654 | M146: High memory bandwidth (MRDIMMs) recommended for best performance; Benefit from higher core counts and large caches (cache per core); Built-in security and compliance features meeting FSO compliance requirements (QAT, RAS, TDX); Advanced power management to optimize energy savings | N146: P-core (Granite Rapids) | O146: Xeon 6700/6500-series (Birch Stream SP), 8-ch | P146: 8 | Q146: 3.1 | R146: 6400 | S146: 8000 | T146: =P146*R146*Assumptions!$B$10/1000 -> 409.6 | U146: =IF(ISNUMBER(S146),P146*S146*Assumptions!$B$10/1000,"N/A") -> 512 | V146: =F146*Q146*IF(N146="E-core (Sierra Forest)",Assumptions!$B$8,Assumptions!$B$4)/1000 -> 3.1744 | W146: =F146*Q146*IF(N146="E-core (Sierra Forest)",Assumptions!$B$9,Assumptions!$B$5)/1000 -> 6.3488 | X146: =IF(N146="E-core (Sierra Forest)","N/A (no AMX)",F146*Q146*Assumptions!$B$6/1000) -> 101.5808 | Y146: =IF(N146="E-core (Sierra Forest)","N/A (no AMX)",F146*Q146*Assumptions!$B$7/1000) -> 203.1616 | Z146: Peak theoretical figures, not measured. See 'Assumptions & Sources' tab for constants, formulas, and citations.
...

Sheet Assumptions
A1: Assumptions & Sources – TFLOPS and Memory Bandwidth Estimates
A3: Constant | B3: Value | C3: Notes
A4: AVX-512 FP64 FLOPs/cycle/core – P-core (2× 512-bit FMA) | B4: 32 | C4: 8 doubles/vector × 2 FMA units × 2 ops (mul+add) = 32
A5: AVX-512 FP32 FLOPs/cycle/core – P-core (2× 512-bit FMA) | B5: 64 | C5: 16 floats/vector × 2 FMA units × 2 ops = 64 (2× the FP64 rate)
A6: AMX BF16/FP16 FLOPs/cycle/core | B6: 1024 | C6: Intel-published figure, Xeon 6 Product Brief
A7: AMX INT8 OPs/cycle/core | B7: 2048 | C7: Intel-published figure, Xeon 6 Product Brief
A8: AVX-512 FP64 FLOPs/cycle/core – E-core (Sierra Forest, est.) | B8: 16 | C8: Estimate: Sierra Forest E-cores implement a narrower/single-FMA-equivalent AVX-512 datapath and have no AMX. Treat as approximate; not an Intel-published figure.
A9: AVX-512 FP32 FLOPs/cycle/core – E-core (est.) | B9: 32 | C9: 2× the E-core FP64 estimate, same caveat as above
A10: Bytes per transfer per DDR5 channel | B10: 8 | C10: DDR5 channel is 64-bit wide = 8 bytes/transfer
A11: DDR5 RDIMM speed – Xeon 6 (MT/s) | B11: 6400 | C11: Intel Xeon 6 Product Brief; Kingston Birch Stream platform guide
A12: DDR5 MRDIMM speed – Xeon 6900-series / AP platform (MT/s) | B12: 8800 | C12: Kingston Birch Stream guide; Intel Xeon 6 Product Brief (2nd Gen MRDIMM)
A13: DDR5 MRDIMM speed – Xeon 6700/6500-series / SP platform (MT/s) | B13: 8000 | C13: Kingston Birch Stream guide
A14: DDR5 RDIMM speed – Legacy 5th Gen Xeon Scalable / Emerald Rapids (MT/s) | B14: 5600 | C14: Intel 5th Gen Xeon Scalable spec (pre-Xeon 6 platform); MRDIMM support for these specific SKUs not verified, so left as N/A
A16: Formulas used in the 'SKU Recommendations' tab
A17: Peak Mem BW – RDIMM (GB/s) | B17: Channels × RDIMM speed (MT/s) × 8 bytes / 1000
A18: Peak Mem BW – MRDIMM (GB/s) | B18: Channels × MRDIMM speed (MT/s) × 8 bytes / 1000 (N/A where MRDIMM isn't qualified)
A19: AVX-512 FP64 TFLOPS (peak) | B19: Cores × Base Clock (GHz) × FP64 FLOPs/cycle/core ÷ 1000
A20: AVX-512 FP32 TFLOPS (peak) | B20: Cores × Base Clock (GHz) × FP32 FLOPs/cycle/core ÷ 1000
A21: AMX BF16/FP16 TFLOPS (peak) | B21: Cores × Base Clock (GHz) × 1024 ÷ 1000 (P-core / legacy only, N/A for E-core)
A22: AMX INT8 TOPS (peak) | B22: Cores × Base Clock (GHz) × 2048 ÷ 1000 (P-core / legacy only, N/A for E-core)
A24: Methodology notes
A25: • All TFLOPS figures are THEORETICAL PEAK compute, calculated at each SKU's BASE clock (not turbo), which is the standard, conservative convention used in HPC peak-FLOPS estimates (e.g. HPL/LINPACK peak calculations) because heavy AVX-512/AMX code typically runs at or near base clock rather than single-core turbo.
A26: • Real, sustained performance will be lower than peak — typically 60–90% of peak for well-optimized HPC/AI kernels, and considerably lower for general-purpose or memory-bound code. Use these figures for relative SKU comparison, not capacity planning.
A27: • Memory bandwidth figures are theoretical peak transfer rate of the memory subsystem (channels × speed × width) and do not account for real-world DDR5 efficiency losses (typically 70–85% of peak is achievable in practice, e.g. STREAM benchmark).
A28: • Xeon 6 SKU platform/channel assignment is based on the SKU numbering convention: 6900-series (e.g. 6980P, 6972P, 6960P, 6952P, 6944P, 6978P, 6962P) = 12-channel 'AP' platform (Birch Stream); 6700/6500-series (all other '...P' SKUs) = 8-channel 'SP' platform. 'E' suffix SKUs (6740E, 6756E, 6766E) are Sierra Forest E-core parts on the 8-channel SP platform. 6558Q and 8562Y+ are 5th Gen Xeon Scalable (Emerald Rapids) SKUs, not Xeon 6, included in the original HFT slide as an alternative low-latency option.
A29: • AMX (BF16/FP16 = 1024 FLOPs/cycle/core, INT8 = 2048 OPs/cycle/core) is Intel's own published per-core peak figure from the Xeon 6 Product Brief; it is not present on E-core (Sierra Forest) SKUs, so those cells return 'N/A (no AMX)'.
A31: Sources
A32: • Intel Xeon 6 Product Brief (AMX FLOPs/cycle, DDR5-6400 / MRDIMM support)
A33: https://www.intel.com/content/www/us/en/products/docs/xeon-6-product-brief.html
A34: • Kingston – Intel Xeon 6 Processor Platform (Birch Stream) DDR5 channel/speed by series
A35: https://www.kingston.com/en/memory/server-memory/birch-stream
A36: • Kingston – Intel Xeon 6 Guide: Key Features, Benefits & Use Cases
... A45: https://wccftech.com/intel-xeon-6-leaps-to-8000-mt-s-memory-now-but-the-real-payoff-waits-for-8800-mt-s-mrdimm-in-2027/
