Workbook

Sheet Inputs
A1: Qwen3.6-27B — Decode & Prefill Calculator
A2: Edit only the yellow cells. Everything downstream (Decode / Prefill sheets) recalculates automatically.
A4: MODEL ARCHITECTURE (fixed — from Qwen3.6-27B config)
A5: Total Parameters (N) | B5: 27000000000 | C5: Source: Qwen3.6-27B model card / HF config.json
A6: Hidden Dimension (d_model) | B6: 5120
A7: Total Layers | B7: 64
A8: Full-Attention Layers | B8: 16
A9: Full-Attention Q Heads | B9: 24
A10: Full-Attention KV Heads (GQA) | B10: 4
A11: Full-Attention Head Dim | B11: 256
A12: DeltaNet (Linear-Attn) Layers | B12: 48 | C12: Hybrid layout: 16 x (3x DeltaNet-FFN -> 1x Gated Attention-FFN)
A13: DeltaNet QK Heads | B13: 16
A14: DeltaNet V Heads | B14: 48
A15: DeltaNet Head Dim | B15: 128
A16: FFN Intermediate Size | B16: 17408
A17: Vocab Size (padded) | B17: 248320
A18: Sync Points per Layer (TP all-reduce: post-mixer + post-FFN) | B18: 2
A19: Total Sync Points / Token | B19: =B7*B18 -> 128
A21: DEPLOYMENT CONFIGURATION (edit these) | F21: PRECISION TABLE
A22: Number of Devices — Tensor-Parallel degree (X) | B22: 4 | F22: FP32 | G22: 4
A23: Batch Size (B) | B23: 1 | F23: BF16 | G23: 2
A24: Precision Format | B24: BF16 | F24: FP16 | G24: 2
A25: Bytes per Parameter (auto from Precision) | B25: =INDEX($G$22:$G$28,MATCH(B24,$F$22:$F$28,0)) -> 2 | F25: FP8 | G25: 1
A26: Memory Bandwidth per Device (GB/s) | B26: 605 | C26: e.g. LPDDR package bandwidth per card | F26: INT8 | G26: 1
A27: Interconnect Bandwidth per Link (GB/s) | B27: 64 | C27: PCIe Gen5 x16 ≈ 63-64 GB/s per direction | F27: FP4 | G27: 0.5
A28: Device Peak Compute (TFLOPS @ this precision) | B28: 150 | C28: PLACEHOLDER — replace with your device's real spec | F28: INT4 | G28: 0.5
A29: Context / Sequence Length T (tokens) | B29: 8192 | C29: Used by the Prefill sheet

Sheet Decode
A1: Decode — Tensor-Parallel, Memory-Bandwidth Model
A2: Model: t_token = MAX(t_mem, t_compute) + t_comm. KV-cache traffic excluded (negligible at BS=1 with only 16 full-attention layers, 4 KV heads).
A4: WEIGHT / MEMORY
A5: Total Weight Bytes | B5: =Inputs!B5*Inputs!B25 -> 54000000000
A6: Weight Bytes per Device (÷ X) | B6: =B5/Inputs!B22 -> 13500000000
A7: Weight GB per Device | B7: =B6/1000000000 -> 13.5
A8: t_mem — weight read time (ms) | B8: =(B6/(Inputs!B26*1000000000))*1000 -> 22.31405
A10: COMPUTE (matmul)
A11: Total Decode FLOPs (2 x N x B) | B11: =2*Inputs!B5*Inputs!B23 -> 54000000000
A12: FLOPs per Device (÷ X) | B12: =B11/Inputs!B22 -> 13500000000
A13: t_compute — matmul time (ms) | B13: =(B12/(Inputs!B28*1000000000000))*1000 -> 0.09
A15: COMMUNICATION (TP ring all-reduce)
A16: Data per All-Reduce (bytes) = B x hidden x bytes/param | B16: =Inputs!B23*Inputs!B6*Inputs!B25 -> 10240
A17: Ring Factor = 2(X-1)/X | B17: =IF(Inputs!B22>1,2*(Inputs!B22-1)/Inputs!B22,0) -> 1.5
A18: Time per All-Reduce (ms) | B18: =(B17*B16/(Inputs!B27*1000000000))*1000 -> 0.00024
A19: Total Sync Points / Token | B19: =Inputs!B19 -> 128
A20: t_comm — total communication time (ms) | B20: =B18*B19 -> 0.03072
A22: RESULT
A23: Bound Regime (matmul path) | B23: =IF(B8>=B13,"Memory-bound","Compute-bound") -> Memory-bound
A24: Total Time per Token (ms) | B24: =MAX(B8,B13)+B20 -> 22.34477
A25: Tokens/sec — per stream | B25: =1000/B24 -> 44.753203
A26: Tokens/sec — aggregate (x Batch) | B26: =B25*Inputs!B23 -> 44.753203
A28: TP SHARDING WARNINGS (not otherwise modeled in FLOPs/bytes above)
A29: KV-head sharding check (full-attn layers, 4 KV heads) | B29: =IF(Inputs!B22>Inputs!B10,"EXCEEDS - replication needed","OK") -> OK
A30: QK-head sharding check (DeltaNet layers, 16 QK heads) | B30: =IF(Inputs!B22>Inputs!B13,"EXCEEDS - replication needed","OK") -> OK

Sheet Prefill
A1: Prefill — Forward Pass FLOPs (BS=1)
A2: Linear term covers all matmuls (projections + FFN, all 64 layers). Quadratic attention term applies only to the 16 full-attention layers; DeltaNet layers are O(T), already inside the linear term.
A4: COMPUTE
A5: Linear-layer FLOPs (2 x N x T) | B5: =2*Inputs!B5*Inputs!B29 -> 442368000000000
A6: Full-Attention dim per layer (Q heads x head dim) | B6: =Inputs!B9*Inputs!B11 -> 6144
A7: Attention FLOPs (4 x layers x T^2 x dim) | B7: =4*Inputs!B8*(Inputs!B29^2)*B6 -> 26388279066624
A8: Total Prefill FLOPs | B8: =B5+B7 -> 468756279066624
A9: Total Prefill TFLOPs | B9: =B8/1000000000000 -> 468.75628
A11: ESTIMATED WALL-CLOCK (compute-bound, X devices)
A12: Aggregate Peak Compute (X devices x TFLOPS) | B12: =Inputs!B22*Inputs!B28 -> 600
A13: Prefill Time (s) | B13: =B8/(B12*1000000000000) -> 0.78126047 | C13: Prefill is compute-heavy (large T), unlike decode — this treats it as compute-bound. Communication/memory overhead for prefill isn't modeled here.
A14: Prefill Time (ms) | B14: =B13*1000 -> 781.26047

Sheet README
A1: README — Assumptions & Legend
A3: COLOR LEGEND
A4: Yellow fill + blue text = hardcoded input, edit freely
A5: Black text = formula, do not hardcode
A6: Green text = link to another sheet
A8: SCOPE
A9: Decode sheet: per-token decode latency/throughput under tensor parallelism (TP), assuming
A10: weight-read bandwidth is the primary bottleneck at low batch size. KV-cache read traffic is
A11: intentionally excluded — at BS=1 with 8k context, KV bytes (~1% of weight bytes for this hybrid
A12: architecture with only 16 full-attention layers and 4 KV heads) are negligible. This becomes a
A13: worse approximation at large batch size x long context, where KV bytes scale with B x T.
A15: Prefill sheet: one-shot forward-pass FLOPs for a T-token prompt, treated as compute-bound
... A50: different checkpoint or a config revision changes these values.
